days_since_purchase,total_spend,subscription_type,churn
25,542.8,0,0
2,688.3,1,0
62,29.3,1,0
57,317.8,0,0
61,268.6,0,0
20,153.1,0,0
26,190.2,0,0
25,293.0,1,0
89,194.2,0,0
48,765.3,1,0
43,195.6,0,0
72,1620.6,0,0
25,179.7,1,0
55,173.0,0,1
146,211.0,0,0
99,122.0,0,0
54,210.1,0,0
45,149.5,0,0
60,435.8,0,0
108,168.2,0,1
103,108.0,0,1
120,184.6,0,1
50,238.7,0,0
4,201.1,0,0
140,1279.2,0,0
21,465.1,1,0
71,78.8,0,1
4,399.7,0,0
43,310.2,0,0
32,367.4,0,0
120,397.7,0,1
54,634.5,0,0
42,222.8,0,1
59,312.8,1,0
1,176.1,1,0
24,382.8,1,0
28,123.7,0,0
66,99.7,0,1
17,1033.4,1,0
48,236.3,0,0
39,361.9,0,0
26,153.1,0,0
27,906.0,0,0
39,270.6,1,0
6,697.4,0,0
72,469.9,1,0
21,264.9,0,0
34,321.1,0,0
117,234.6,0,1
73,222.6,0,1
14,396.2,1,0
1,46.2,1,0
61,198.9,0,0
35,566.8,1,0
49,461.9,0,0
72,1416.1,1,0
80,509.8,0,1
30,484.2,0,0
38,328.2,0,0
56,578.2,0,0
58,284.5,0,1
48,264.0,0,0
109,350.6,1,0
58,569.5,0,0
71,267.2,0,0
51,357.2,0,0
17,164.7,0,0
24,1121.4,1,0
14,198.0,0,0
86,336.6,1,0
9,625.5,1,0
37,631.1,0,0
31,276.2,0,0
30,566.1,1,0
33,164.6,1,0
123,404.0,1,1
5,560.9,1,0
100,690.1,0,1
35,80.6,0,0
76,108.3,0,1
44,68.5,1,0
15,90.4,0,0
106,593.5,0,0
96,160.8,0,1
16,269.2,0,0
64,112.2,0,1
25,229.9,1,0
10,808.8,0,0
21,429.8,1,0
102,388.4,0,0
77,234.3,0,0
33,711.9,1,0
103,699.0,1,0
91,214.2,0,0
21,333.6,1,0
119,610.1,0,1
31,268.3,0,0
34,194.8,0,0
6,206.1,0,0
25,175.8,0,0
37,265.8,0,0
52,180.5,0,1
15,265.3,0,0
22,142.5,0,1
121,436.2,1,0
87,371.7,0,1
98,418.5,0,0
40,489.6,1,0
54,519.3,0,0
65,281.7,0,0
120,336.4321212121212,0,1
9,158.8,0,0
27,580.4,1,0
50,217.6,1,0
45,48.2,0,0
22,198.2,1,0
61,611.4,1,0
28,406.8,0,0
42,403.5,1,0
59,1028.6,0,0
29,437.7,1,0
73,171.3,1,0
82,121.8,0,1
23,376.2,0,0
28,672.8,0,0
18,260.9,0,0
41,447.3,1,0
52,464.3,1,0
32,1054.4,0,0
51,499.0,0,0
27,583.9,0,0
28,127.2,0,0
54,166.9,0,0
30,156.4,0,0
40,282.8,1,0
56,276.4,0,0
51,327.0,0,0
28,321.3,1,0
88,153.5,0,1
63,136.5,1,0
50,457.0,1,0
15,427.1,0,0
45,225.0,0,0
25,57.0,0,0
60,495.5,0,0
1,217.7,0,0
34,78.0,0,0
27,258.4,0,0
73,518.9,0,0
6,188.5,0,1
43,23.8,1,0
62,208.9,0,0
135,147.1,0,1
28,294.5,0,0
53,341.9,1,0
6,175.7,0,0
41,217.3,1,0
92,811.0,1,0
136,374.7,0,1
57,476.2,1,0
9,476.3,0,0
103,216.3,0,1
9,735.9,0,0
14,329.4,0,0
108,283.9,0,1
39,424.3,1,0
25,208.4,0,0
69,153.0,0,0
47,553.2,0,0
87,96.7,0,1
49,135.8,1,0
50,240.1,0,1
85,128.3,0,0
39,57.1,0,0
19,101.2,0,0
71,131.5,0,1
33,442.1,1,0
52,226.2,0,0
5,638.0,1,0
38,96.2,0,0
27,111.7,0,0
5,303.7,0,0
38,191.9,1,1
40,260.1,1,0
55,102.4,0,0
91,124.9,1,0
82,185.9,1,0
29,510.5,0,0
48,76.2,0,1
60,551.0,0,0
29,478.1,0,1
10,227.8,1,0
35,341.0,1,0
94,321.7,0,0
9,411.8,0,0
17,111.6,0,0
21,579.0,1,0
17,361.7,1,0
69,154.6,1,0
24,364.6,1,0
70,117.8,0,1
43,255.4,0,0
7,181.7,0,0
30,378.9,1,0
83,303.9,0,0
47,601.8,0,0
32,395.5,0,1
95,452.7,1,0
16,53.7,0,0
25,499.4,0,0
78,187.8,0,1
68,133.2,1,0
14,1198.3,1,0
59,147.5,0,1
24,839.1,1,0
4,324.6,0,0
32,376.3,0,0
141,334.1,1,1
84,121.8,0,0
40,556.1,1,0
9,400.7,1,0
4,305.0,0,0
43,274.2,0,0
56,212.8,0,0
69,429.9,0,0
64,369.3,0,0
68,602.1,1,0
51,220.2,0,0
93,268.8,1,0
27,169.1,0,0
43,363.9,1,0
7,56.4,0,0
26,1216.7,0,0
83,155.2,0,1
66,588.1,0,0
2,239.9,1,0
148,391.6,0,1
47,778.0,0,0
48,376.6,0,0
25,748.7,0,0
30,734.6,1,0
47,336.4321212121212,1,0
64,562.2,1,0
53,336.1,0,0
27,144.9,0,0
19,692.7,1,0
18,93.4,0,0
87,662.8,1,0
80,567.3,1,0
59,369.6,1,0
87,161.5,0,1
38,428.3,0,0
75,52.0,1,0
62,137.0,0,1
77,260.0,0,0
16,284.5,0,0
51,181.9,1,0
31,185.7,1,0
3,385.0,0,0
97,117.6,0,1
80,197.3,0,1
54,120.9,1,0
20,270.8,0,0
7,223.0,0,0
3,47.0,1,0
26,99.2,1,0
68,796.9,1,0
32,194.8,1,0
60,342.3,0,0
62,110.7,0,0
68,875.7,1,0
5,68.3,1,0
22,744.4,1,0
59,368.9,1,0
111,420.6,0,1
91,619.1,0,0
52,410.4,1,0
97,792.7,0,0
52,796.0,1,0
9,534.8,1,0
67,712.7,1,0
93,263.6,0,0
134,122.7,0,1
26,1106.2,0,0
14,277.3,0,0
76,326.8,0,0
57,80.1,0,0
53,644.7,0,0
98,320.5,0,0
75,384.8,0,0
61,422.0,0,0
28,146.4,0,0
71,823.1,1,0
14,345.8,0,0
52,38.9,0,0
41,549.7,0,0
8,318.8,1,0
57,159.7,0,0
26,58.7,0,1
56,197.4,0,1
18,336.4321212121212,0,0
76,590.5,0,0
123,169.0,0,1
14,71.8,0,0
18,504.0,1,0
11,793.9,1,0
35,207.9,0,0
55,896.4,0,0
68,708.6,1,0
51,647.2,0,0
67,379.9,0,0
39,350.4,0,0
25,162.9,0,0
18,998.0,1,0
36,890.4,1,0
19,1012.3,1,0
54,264.7,0,0
19,210.7,0,0
28,458.0,0,0
87,187.6,0,0
93,266.9,0,0
91,57.8,1,1
40,426.5,1,0
26,410.5,0,0
60,854.0,1,0
19,611.2,1,0
71,526.1,0,0
24,857.8,0,0
35,139.0,0,0
72,118.6,0,1
6,311.9,0,0
25,138.0,1,0
55,343.9,0,0
64,109.8,0,1
56,131.0,0,0
35,59.5,0,1
77,421.9,1,0
18,109.7,1,0
17,392.7,0,0
54,439.0,0,0
16,152.7,0,0
125,481.7,0,1
26,445.0,0,0
76,564.9,0,0
13,141.9,0,0
108,137.0,0,0
42,423.0,0,0
25,336.4321212121212,0,0
33,330.2,0,0
22,671.7,0,0
35,504.6,0,0
14,579.1,1,0
26,534.4,1,0
75,534.7,0,0
49,236.3,0,0
17,103.0,0,0
36,168.5,0,0
93,151.3,0,1
29,18.7,1,0
16,411.6,0,0
62,212.7,0,1
4,239.5,0,0
33,177.0,0,0
99,267.8,0,0
35,959.4,1,0
80,58.4,0,1
15,1076.8,1,0
34,418.6,1,0
31,186.6,0,0
60,205.0,0,1
44,129.0,0,0
108,39.2,0,1
27,110.5,0,0
43,349.2,1,0
32,336.4321212121212,0,0
41,375.7,0,0
38,231.9,1,0
19,159.2,0,0
72,1320.8,1,0
24,131.9,0,0
22,139.1,0,0
9,687.3,1,0
27,444.3,0,0
23,256.4,1,0
5,610.7,1,0
35,381.0,1,0
104,179.9,0,1
11,423.9,0,0
41,353.8,1,0
34,54.6,1,0
65,551.4,1,0
69,243.2,0,0
157,699.9,0,0
50,629.9,1,0
21,310.0,0,0
26,262.3,1,0
28,346.6,1,0
24,126.2,0,0
122,402.9,1,0
66,955.4,1,0
59,894.9,0,0
16,777.4,1,0
68,297.2,0,1
89,93.3,1,0
35,254.6,0,0
26,658.2,1,0
109,468.4,0,0
23,236.6,0,0
21,289.0,1,0
18,355.1,0,0
39,278.9,0,0
50,329.6,1,0
81,317.6,1,0
61,654.0,0,0
60,111.8,0,0
98,212.3,0,1
17,221.8,0,0
10,303.1,0,0
63,354.2,1,0
38,336.9,1,0
81,153.6,1,0
40,353.8,1,0
25,416.5,0,0
64,310.7,0,0
44,109.9,0,0
40,289.2,0,0
176,275.9,0,1
93,267.7,1,0
70,313.1,0,0
45,163.3,0,0
43,429.1,0,0
33,1117.4,1,0
49,454.7,0,0
28,142.3,0,0
14,413.2,0,0
40,631.2,1,0
52,351.1,0,0
81,490.0,1,0
21,330.1,1,0
43,95.0,0,0
61,241.1,0,0
60,162.4,1,0
118,225.4,0,1
33,175.5,0,0
19,153.1,1,0
45,828.1,1,0
35,348.8,1,0
30,234.4,1,0
27,61.6,0,0
52,468.7,0,0
24,413.5,1,0
70,336.4321212121212,0,0
67,152.7,0,0
55,784.3,1,0
17,241.0,0,0
50,130.7,0,0
85,197.0,0,1
73,292.4,0,1
66,180.5,0,1
42,98.1,0,0
41,126.8,0,0
94,388.3,0,0
51,147.2,1,0
52,161.8,0,0
209,152.0,1,1
33,323.9,0,0
4,1242.2,0,0
36,490.2,1,0
38,146.8,0,0
51,420.7,1,0
59,154.3,0,0
5,393.0,1,0
60,687.6,0,0
40,335.1,1,0
34,339.9,0,0
8,345.9,1,0
107,496.7,0,1
30,421.4,0,0
67,265.1,1,0
21,421.6,0,0
52,304.1,0,0
34,248.6,1,0
65,193.8,0,0
33,297.6,0,0
20,336.4,0,0
41,307.6,1,0
40,342.1,0,0
50,143.5,0,0
79,141.6,1,0
16,92.1,1,0
76,383.9,0,0
14,64.6,0,1
64,339.7,0,0
65,182.5,0,0
28,209.0,0,0
22,211.4,0,0
21,1103.7,0,0
44,165.6,0,0
68,160.8,1,0
37,1077.4,1,0
3,101.7,1,0
27,96.5,0,0
26,474.7,0,0
59,452.2,1,0
61,251.1,1,0
47,111.4,0,0
77,47.8,1,0
80,925.9,1,0
28,549.1,1,0
20,860.6,1,0
39,534.9,0,0
47,360.3,0,0
27,210.5,1,0
241,145.4,1,1
103,570.0,0,0
25,182.8,0,0
17,117.4,0,0
23,198.5,1,0
81,771.6,1,0
83,127.9,0,1
104,194.0,0,0
20,241.2,0,0
59,336.4321212121212,1,0
21,155.4,1,0
118,305.8,1,1
20,480.9,0,0
13,940.4,0,0
16,101.5,0,0
41,116.4,0,0
67,171.3,1,0
64,524.5,1,0
17,140.6,1,0
31,297.8,1,0
28,211.5,0,0
14,1292.1,1,0
27,213.8,1,0
101,203.6,1,0
13,403.2,0,0
49,322.9,0,0
102,148.1,0,0
99,807.5,1,0
122,76.0,0,1
52,247.0,0,0
58,261.4,1,1
27,231.2,0,0
12,147.0,0,1
37,235.1,0,0
88,386.6,1,0
3,21.6,0,0
29,230.1,1,0
62,132.7,0,0
42,1031.7,1,0
95,351.9,0,0
82,126.4,0,1
11,220.5,1,0
44,207.0,0,0
22,166.6,0,0
22,370.7,0,0
12,918.1,1,0
50,7.3,0,0
97,256.6,1,1
53,937.2,0,0
11,203.5,0,0
40,309.8,0,0
60,29.2,0,1
38,616.4,0,0
52,99.9,0,0
24,345.8,0,0
35,152.2,1,0
33,14.0,0,0
108,323.4,0,1
17,557.7,1,0
4,241.4,0,0
104,88.9,0,1
46,1376.3,1,0
14,543.0,1,0
77,288.3,0,0
63,716.3,1,0
120,166.5,0,1
48,845.3,0,0
176,423.1,0,1
38,670.8,1,0
63,194.2,0,0
69,97.6,0,1
29,291.5,0,0
29,172.5,0,0
70,910.7,0,0
13,73.7,0,1
22,652.3,0,0
37,51.3,0,0
117,116.7,0,1
70,50.1,0,1
44,166.9,0,0
27,215.8,0,0
148,194.7,1,0
40,345.6,0,0
22,282.2,1,0
167,30.4,0,1
13,111.1,0,0
99,192.6,0,1
42,535.1,0,0
70,277.6,0,0
62,173.9,0,0
69,65.1,0,1
177,286.8,0,1
159,621.7,0,0
23,199.4,0,0
60,121.0,0,1
7,383.7,0,0
75,714.5,1,0
87,221.5,0,0
4,540.5,1,0
41,181.3,0,0
70,429.7,0,1
54,835.7,1,0
13,617.1,1,0
15,372.7,0,0
37,787.5,0,0
29,269.6,1,0
32,484.3,1,0
12,212.9,0,0
43,372.7,0,0
118,418.5,0,0
14,496.1,0,0
35,263.0,0,0
65,41.4,0,1
9,216.3,0,0
43,530.9,1,0
85,321.7,0,0
17,356.7,0,0
46,568.2,1,0
81,126.6,1,0
171,452.8,0,1
44,813.3,0,0
23,192.6,0,0
23,503.2,0,0
11,275.1,0,0
124,349.7,0,1
77,470.3,0,1
15,320.4,0,0
21,183.4,0,1
44,331.0,0,0
84,120.5,0,1
60,66.4,0,1
56,670.5,0,0
49,471.5,1,0
16,421.7,0,0
44,399.3,1,0
40,67.1,1,0
11,639.7,0,0
122,183.7,0,0
25,214.3,0,0
11,588.3,0,0
29,154.5,1,0
34,199.8,0,1
39,188.6,0,0
33,115.7,0,0
41,278.8,0,0
47,130.2,0,0
45,658.4,0,0
56,61.5,0,1
58,111.8,1,0
59,199.6,0,0
70,255.3,0,0
23,148.0,0,0
24,441.9,0,0
85,222.3,0,1
30,377.8,0,0
38,626.6,0,0
35,770.5,0,0
167,203.4,0,1
20,360.2,1,0
19,319.2,0,0
41,208.7,0,0
36,109.1,0,1
15,682.1,1,0
39,109.2,0,0
42,560.5,0,0
27,465.4,1,0
37,403.6,1,0
22,181.5,1,0
15,36.9,0,1
30,515.6,0,0
17,179.4,1,0
12,486.3,1,0
6,388.5,0,0
49,258.4,0,0
29,313.1,0,0
85,460.6,1,0
31,294.5,0,0
49,126.2,0,1
24,62.1,0,0
40,149.1,0,0
6,189.9,0,0
29,649.2,0,0
20,89.6,0,0
79,712.5,0,0
47,868.8,0,0
72,153.6,0,0
91,848.5,0,0
27,230.1,0,0
45,201.6,0,0
16,649.5,0,0
54,302.8,0,1
60,270.5,0,0
52,191.4,1,0
27,158.6,0,0
130,361.0,1,0
42,649.3,0,0
16,117.1,1,0
64,311.5,1,0
81,73.6,0,0
16,140.7,0,0
34,413.6,0,0
11,118.4,0,0
94,704.0,0,0
38,153.2,1,0
20,211.8,1,0
82,41.7,0,1
41,704.8,1,0
74,635.7,1,0
57,75.6,0,0
18,202.7,0,0
27,245.7,1,0
20,176.0,0,0
15,1134.9,1,0
8,174.1,0,0
147,161.0,1,1
51,47.1,0,0
57,129.5,0,1
88,647.9,0,0
26,390.4,1,0
12,391.0,1,0
70,136.4,0,0
14,580.6,0,0
69,492.2,1,0
10,178.1,0,0
13,140.5,1,0
24,240.1,0,0
67,116.2,0,0
119,218.8,0,1
57,280.2,0,0
25,184.2,1,1
78,20.3,0,1
10,346.8,0,0
19,189.0,1,0
44,278.4,0,0
71,226.4,0,0
35,1007.9,1,0
32,256.2,0,0
34,485.6,0,0
87,241.5,1,0
22,118.0,0,0
17,357.8,0,0
33,136.7,0,0
96,555.1,1,0
24,84.2,0,0
34,324.6,0,0
9,326.3,1,0
35,881.0,1,0
49,348.9,0,1
14,229.2,0,0
87,450.3,0,0
49,25.8,1,0
27,380.8,0,0
49,405.1,0,0
59,569.6,1,0
7,541.4,1,0
50,369.6,0,0
93,250.5,1,0
21,284.8,0,0
28,198.2,1,0
31,126.0,0,0
72,199.2,0,0
16,285.5,1,0
57,336.3,0,1
32,607.9,0,0
122,623.2,1,0
33,412.1,1,0
3,557.5,0,0
65,335.5,1,0
55,373.6,0,0
47,193.3,0,1
92,253.1,0,1
8,207.9,0,0
19,73.9,1,0
40,58.2,0,0
45,76.4,0,0
36,318.7,0,0
10,336.4321212121212,1,0
28,556.2,0,0
117,376.4,0,0
15,167.6,0,0
40,122.7,0,0
57,278.2,0,0
70,213.2,1,0
65,90.8,1,0
26,106.9,0,1
19,249.7,1,0
123,784.0,1,0
75,64.5,1,1
42,87.0,0,1
102,205.1,0,1
12,134.6,0,0
3,345.4,0,0
45,272.6,1,0
47,89.1,1,0
11,217.0,1,0
73,287.1,0,0
6,406.2,0,0
53,112.0,1,0
61,391.3,1,0
45,196.2,0,1
9,718.6,1,0
91,219.3,1,0
27,70.3,0,0
27,142.7,0,1
23,38.5,0,1
66,49.4,0,1
26,347.6,0,0
14,415.7,1,0
79,361.5,0,0
39,154.3,0,0
81,109.3,0,1
41,967.7,0,0
21,357.6,1,1
7,98.1,0,0
45,658.9,0,0
31,773.8,1,0
68,388.8,0,0
25,217.6,0,1
54,123.8,0,1
40,174.2,0,0
20,540.5,0,0
27,137.5,0,1
12,83.0,0,0
129,499.4,1,0
53,240.2,0,0
11,142.1,0,0
124,153.2,0,1
15,29.0,0,1
24,210.8,1,0
33,506.8,0,0
40,143.8,1,0
67,1071.6,0,0
5,244.0,0,0
41,64.4,0,0
32,382.1,1,0
46,110.3,0,0
31,390.6,0,0
28,565.0,0,0
36,581.1,1,0
120,439.8,0,0
28,226.8,1,0
88,113.1,0,1
44,358.8,0,0
43,120.9,0,0
46,179.4,0,1
57,125.0,0,0
30,138.4,0,0
84,492.8,1,0
57,131.4,0,1
13,384.1,0,0
3,562.9,0,0
118,158.0,0,1
47,94.7,0,0
11,487.6,0,0
28,307.7,0,0
75,166.7,1,0
35,243.3,1,0
37,326.9,0,0
66,56.2,0,1
51,725.7,0,0
60,460.4,0,0
65,247.8,0,0
22,701.4,0,0
24,813.4,1,0
20,274.3,1,0
25,336.4321212121212,0,0
36,204.7,0,0
38,367.0,0,0
100,450.6,0,0
49,38.3,0,0
37,329.7,0,0
16,426.7,1,0
31,206.4,0,0
123,337.1,1,1
122,47.5,0,1
31,80.6,0,0
8,120.8,0,0
28,481.6,1,0
101,756.0,1,0
36,459.2,1,0
66,270.1,0,0
40,533.9,1,0
10,13.2,0,0
41,549.6,0,0
72,289.3,1,0
25,503.1,0,0
71,392.2,0,1
43,128.1,0,0
68,295.8,0,0
51,138.2,0,0
17,344.0,0,0
32,784.3,0,0
31,448.7,1,0
24,159.9,1,0
48,460.8,0,0
138,117.0,0,1
84,565.7,0,0
92,98.6,0,1
22,515.3,0,0
93,161.8,0,0
114,371.2,0,0
22,464.1,0,0
55,293.2,0,1
56,177.4,0,0
33,392.0,1,0
45,289.3,1,0
58,253.7,0,0
35,73.1,1,0
81,402.8,0,0
13,372.8,1,0
31,54.4,1,0
67,186.8,0,0
129,25.2,0,1
85,258.1,0,1
45,363.2,0,0
36,142.5,0,0
32,133.7,0,0
32,179.0,0,0
7,172.9,1,0
125,146.6,1,0
39,35.0,0,0
21,129.2,0,0
55,58.2,0,0
22,548.2,0,0
76,800.2,1,0
21,348.2,0,0
69,529.6,0,0
32,119.9,0,0
50,360.9,0,0
73,460.4,1,0
26,396.5,1,0
71,174.7,0,0
7,244.1,0,0
108,296.1,0,0
80,378.2,1,0
38,138.6,1,0
90,590.1,0,0
84,259.2,0,1
40,547.6,1,0
40,155.0,0,0
18,447.8,1,0
42,272.8,0,0
10,117.1,0,0
68,247.0,0,1
69,192.4,0,1
7,208.6,0,0
101,616.8,1,0
24,225.7,0,0
215,454.8,0,1
48,368.4,0,0
102,267.7,0,1
18,493.2,0,0
32,466.7,0,0
26,348.6,1,0
10,283.5,0,0
13,496.9,0,0
36,385.0,0,0
53,761.8,1,0
16,288.7,1,0
30,117.3,1,0
22,138.7,0,0
38,38.5,0,0
65,131.0,0,0
44,382.1,0,0
25,224.9,0,0
82,116.2,0,0
52,158.1,0,1
45,305.2,0,0
16,214.4,1,0
76,205.6,0,0
56,60.1,0,0
58,701.8,1,0
34,592.4,0,0
29,158.4,1,0
126,186.8,0,0
29,33.3,0,1
13,662.9,1,0
46,102.3,1,0
40,310.1,1,0
84,100.9,0,0
36,242.7,0,0
63,445.1,0,0
106,366.7,0,1
54,502.0,1,0
17,70.3,0,0
55,304.0,1,0
30,846.0,0,0
49,292.1,0,1
40,249.6,0,0
13,259.5,1,0
36,354.2,1,0
16,314.7,0,0
27,976.2,1,0
76,554.2,1,0
43,336.4321212121212,1,0
61,411.7,0,1
45,130.5,0,0
32,239.2,0,0
49,214.3,1,0
8,510.4,1,0
68,226.2,0,0
20,350.4,1,0
58,277.1,1,0
31,315.3,0,0
13,396.9,0,0
23,771.7,1,0
58,197.7,0,1
153,138.3,1,1
38,327.6,0,0
141,107.5,1,1
8,251.1,1,0
33,81.4,1,0
38,1292.6,0,0
60,706.1,1,0
24,661.9,1,0
52,613.5,0,0
34,613.4,1,0
92,293.4,0,0
46,299.5,0,0
204,574.2,0,1
35,599.9,0,0
88,114.9,0,1
108,287.8,1,0
2,262.7,0,0
68,626.4,1,0
34,131.4,0,0
15,119.3,0,0
93,76.5,0,1
25,217.5,1,0
8,191.4,0,0
47,688.2,0,0
103,578.2,1,0
15,481.7,0,0
74,103.1,0,1
5,211.4,0,0
108,529.4,1,0
54,277.0,0,0
14,467.9,1,1
70,77.8,0,1
26,349.3,1,0
18,549.3,1,0
26,138.3,1,0
65,46.4,0,0
17,133.2,1,0
3,569.2,0,0
27,88.7,0,0
96,253.1,0,0
95,57.9,1,1
26,155.0,1,0
25,376.3,1,0
24,248.8,0,0
23,510.3,0,0
24,434.7,1,0
49,106.4,0,0
98,208.9,0,1
17,177.2,0,0
20,25.0,0,0
53,700.1,0,0
67,257.4,0,0
10,292.5,0,0
122,398.3,0,1
31,522.6,1,0
11,432.0,0,0
9,185.2,0,0
9,218.5,1,0
87,523.6,0,0
43,925.2,1,0
88,57.6,1,1
37,510.8,0,0
86,209.0,0,1
36,307.8,1,0
60,17.3,1,0
39,252.8,0,0
35,157.2,0,1
19,21.7,0,0
66,726.4,1,0
15,290.0,0,0
66,419.7,1,0
44,555.6,0,0
67,407.2,0,0
47,74.5,0,0
93,473.0,0,1
56,56.3,0,1
45,385.4,0,0
3,811.7,0,0
95,504.2,1,1
9,191.5,0,0
12,793.3,0,0
72,336.4321212121212,1,0
42,142.2,1,0
9,191.2,1,0
25,185.9,1,0
92,916.5,0,0
46,383.2,0,1
42,510.8,1,0
23,452.4,1,0
74,305.2,0,0
38,220.9,1,0
64,87.2,0,0
21,326.1,0,0
153,777.6,0,1
103,314.1,0,1
46,594.3,0,0
54,42.8,0,1
25,409.8,1,0
68,161.0,0,1
4,104.2,0,0
121,871.5,1,0
65,232.6,1,0
17,497.4,1,0
119,299.9,1,1
145,96.5,1,1
56,421.0,0,1
21,189.5,0,0
43,465.9,0,0
62,120.1,0,0
52,163.5,0,0
17,484.2,1,0
61,128.9,0,0
91,416.1,0,1
13,33.4,0,0
15,115.0,1,0
24,265.9,0,0
35,511.5,1,0
75,275.2,0,0
90,361.5,0,0
20,180.4,0,1
48,39.2,1,0
88,199.4,0,1
159,264.0,1,1
48,561.0,0,0
50,410.3,0,0
56,124.7,1,0
32,27.1,1,0
46,298.5,1,0
5,208.1,1,0
25,960.9,1,0
60,744.6,0,0
19,96.4,1,0
76,522.1,1,0
7,465.5,1,0
74,348.3,0,0
74,1589.3,1,0
161,235.5,0,1
31,567.4,1,0
42,623.5,1,0
113,327.4,0,1
104,952.4,1,0
84,293.4,0,0
54,462.3,0,0
111,185.3,1,0
198,87.8,0,1
64,481.7,1,0
43,318.2,1,0
70,255.6,0,0
48,195.5,0,0
33,455.3,0,0
76,289.5,0,0
28,1288.5,0,0
63,282.4,0,0
9,339.0,0,0
125,494.9,0,1
21,368.7,0,0
12,119.0,1,0
101,217.7,0,1
114,174.4,1,1
53,355.2,0,0
39,402.8,1,0
32,473.9,0,0
51,519.0,0,0
40,174.2,1,0
37,511.9,0,0
19,736.8,1,0
15,143.4,1,0
45,339.4,0,0
50,638.7,0,0
23,279.5,1,0
25,256.8,0,0
50,337.8,0,0
19,285.5,0,0
86,299.5,0,0
61,404.6,0,0
22,540.7,1,0
59,325.0,1,0
19,1016.9,1,0
74,173.7,1,0
20,464.1,0,0
38,28.9,1,0
47,270.4,0,0
113,16.8,0,1
21,284.3,0,0
20,365.3,0,0
10,259.8,1,0
136,343.6,1,1
43,437.7,0,0
88,2.0,0,1
26,224.9,1,0
28,651.6,0,0
40,89.4,0,0
41,148.0,0,0
68,41.9,1,1
44,226.7,1,0
31,240.0,0,1
137,1193.2,0,0
19,453.2,1,0
21,235.8,1,0
19,57.4,0,0
70,193.8,1,1
58,124.0,0,0
37,25.3,0,0
19,112.6,1,0
46,186.5,0,0
77,209.8,0,0
116,432.1,0,1
25,671.7,0,0
37,267.8,1,0
57,475.0,0,0
31,236.1,1,0
12,114.3,0,0
37,417.0,0,0
14,179.1,0,0
81,167.3,1,0
33,109.2,0,0
40,64.6,1,1
22,263.7,0,0
41,201.8,1,0
98,487.7,0,1
87,1028.4,1,0
16,141.2,1,0
1,90.0,1,0
37,890.9,1,0
33,370.0,1,0
31,276.8,0,0
26,326.1,0,0
15,547.8,0,0
168,708.8,1,1
136,403.0,0,0
30,115.5,1,0
46,38.6,0,0
82,89.7,0,1
46,54.0,0,0
28,569.0,1,0
12,146.2,0,0
42,396.9,0,0
14,253.5,0,0
94,144.3,0,1
41,110.6,0,0
61,135.4,0,1
32,91.4,1,0
75,805.6,0,0
24,231.6,0,0
52,253.7,0,0
31,248.5,0,0
35,429.9,0,0
81,124.4,0,0
22,567.3,0,0
54,193.8,0,0
101,243.8,1,1
79,817.4,1,0
25,159.4,1,0
60,340.7,0,0
7,246.9,0,0
83,143.5,0,0
198,381.6,0,1
52,107.4,1,0
105,142.4,0,1
12,270.0,0,0
17,726.8,0,0
32,887.0,1,0
37,344.5,0,0
52,197.5,0,0
25,28.8,0,0
46,478.6,0,0
81,527.6,0,0
60,341.0,0,0
31,204.9,0,0
70,449.1,0,0
30,241.5,0,1
44,219.3,0,1
78,54.1,0,1
36,562.1,1,0
14,361.1,1,0
44,679.9,0,0
79,152.4,0,0
84,115.4,0,1
16,524.0,0,0
69,784.8,1,0
34,253.2,0,0
109,602.2,1,0
14,193.3,0,0
68,201.9,0,1
31,445.0,1,0
25,259.8,1,0
81,396.7,1,1
90,353.9,1,0
5,92.0,0,0
82,395.1,1,0
39,94.7,0,0
43,569.0,1,0
13,530.2,0,0
65,287.3,1,0
171,730.0,0,1
27,596.1,0,0
95,307.7,0,1
41,263.9,1,0
28,498.8,0,0
11,739.2,0,0
105,326.0,0,1
45,168.5,0,0
29,530.4,1,0
33,251.3,0,0
68,143.6,1,0
29,181.8,0,0
18,528.4,0,0
38,299.7,1,0
37,211.1,1,0
37,616.1,0,0
29,517.7,0,0
98,244.3,1,0
211,848.5,0,1
16,311.2,1,0
4,425.2,1,0
35,350.5,1,0
5,126.4,0,0
10,292.5,1,0
27,248.2,0,0
68,40.7,0,1
34,315.2,0,0
3,473.6,0,0
34,124.6,1,0
36,540.8,1,0
36,711.4,1,0
88,227.8,0,0
78,838.7,0,0
44,309.6,0,0
150,50.2,1,1
27,79.5,0,0
38,416.1,1,0
41,400.7,0,0
11,265.4,0,0
42,398.1,1,1
9,271.4,0,0
24,194.6,1,0
46,353.6,1,0
12,59.1,0,0
53,195.1,0,0
21,381.2,0,0
31,155.5,1,0
60,209.3,0,0
39,286.4,0,0
52,806.2,0,0
58,669.9,1,0
39,56.8,0,0
55,1217.9,1,0
23,838.8,1,0
60,300.4,0,0
35,457.2,0,0
99,175.8,1,0
46,249.1,0,0
26,166.6,1,0
60,397.7,0,0
102,1128.1,0,0
28,242.8,1,0
24,228.9,0,0
1,255.8,0,0
46,195.2,0,0
32,381.7,0,0
60,542.8,0,0
61,161.1,0,0
11,329.3,1,0
78,418.1,0,0
22,153.6,1,0
28,85.3,0,0
53,206.1,1,0
15,433.1,0,0
25,146.6,1,0
14,167.8,0,0
83,255.1,0,1
31,288.3,0,0
13,229.2,0,0
14,259.5,0,0
74,64.7,0,1
20,199.1,1,0
28,456.3,0,0
43,142.9,0,0
32,294.3,0,0
6,355.2,1,0
65,424.2,0,0
34,468.2,0,0
52,559.9,0,0
68,881.0,1,0
5,148.4,1,0
69,30.7,0,0
186,243.6,1,1
56,138.4,1,1
100,128.5,0,1
81,481.9,1,0
67,537.5,0,0
83,300.1,0,1
93,148.1,0,1
95,311.3,0,0
14,434.6,0,0
86,84.8,1,0
34,198.3,0,0
97,212.1,0,1
60,224.3,0,0
13,156.8,1,0
107,316.8,0,1
22,339.0,0,0
33,112.0,0,0
124,627.7,0,0
47,114.4,1,0
31,186.6,1,0
39,80.0,0,1
31,89.0,1,0
74,336.4321212121212,0,1
32,186.1,1,0
40,470.2,0,0
63,121.9,0,0
58,144.8,0,1
23,555.7,1,0
74,96.8,0,1
27,173.1,0,0
17,620.6,0,0
7,17.8,1,0
36,65.4,0,1
9,903.7,1,0
20,446.7,1,0
41,315.7,0,0
91,85.2,1,1
33,270.0,0,0
11,148.1,1,0
38,479.0,0,0
89,643.2,1,0
33,203.6,1,0
102,471.5,1,0
41,425.9,1,0
69,227.2,0,0
49,117.7,0,0
99,226.0,0,0
156,466.0,0,1
28,626.9,0,0
47,243.5,1,0
91,872.4,1,0
50,447.0,1,0
6,233.3,0,0
33,276.4,1,0
50,124.4,0,0
117,496.0,1,0
45,749.8,0,0
19,293.7,1,0
51,136.2,1,1
109,427.3,0,0
25,233.5,1,0
27,122.8,0,0
25,80.9,1,0
12,484.4,1,0
44,559.4,0,0
40,107.3,1,0
7,254.3,1,0
21,210.2,0,0
48,130.7,0,0
68,856.2,1,0
81,77.0,1,0
72,450.4,1,0
42,514.9,1,0
10,129.9,0,0
35,133.9,1,0
2,150.0,0,0
48,38.5,0,1
24,160.8,0,0
4,179.8,0,0
55,854.5,0,0
109,46.6,0,1
9,291.7,1,0
58,435.5,0,1
30,765.0,0,0
22,53.3,0,0
22,838.7,0,0
30,194.9,0,0
30,196.2,0,0
40,84.2,0,0
20,343.2,1,0
24,841.2,0,0
62,260.0,0,1
18,118.5,0,0
51,184.1,1,0
32,147.7,0,0
26,693.8,0,0
132,799.5,0,1
13,59.0,0,0
114,90.8,0,1
75,101.6,0,0
24,155.5,0,0
76,904.5,0,0
1,830.0,0,0
22,323.4,1,0
18,224.2,1,0
55,36.2,1,0
69,379.8,1,0
55,267.7,0,0
46,81.0,0,1
80,338.4,0,0
72,485.0,0,0
24,103.9,1,0
26,163.1,0,0
69,608.2,1,0
40,134.8,0,0
42,204.3,1,0
46,166.2,0,1
7,350.1,0,0
23,533.1,0,0
59,733.4,0,0
23,506.3,0,0
34,246.8,0,1
59,514.9,1,0
83,74.4,0,0
90,983.3,0,0
93,123.3,0,1
37,487.3,1,0
34,278.6,0,0
14,66.6,0,0
109,124.0,0,1
33,557.7,0,0
107,288.8,1,0
52,105.5,0,0
85,195.8,0,1
39,137.1,1,0
63,155.7,0,0
87,51.2,0,1
28,246.7,0,0
93,359.6,1,0
16,157.8,0,0
130,722.5,1,0
47,165.9,0,0
23,222.0,0,0
74,149.7,0,0
53,233.5,1,0
7,408.4,0,0
30,99.9,1,0
17,436.8,1,0
18,133.9,0,0
18,80.3,0,0
61,184.6,0,0
78,372.1,0,0
22,235.5,1,0
5,142.2,1,0
150,810.4,0,0
47,303.7,0,0
74,329.8,1,0
36,364.1,0,0
4,510.5,1,0
56,164.0,0,1
121,583.4,1,0
24,63.8,0,0
3,336.4321212121212,0,0
14,173.0,0,1
77,568.0,0,1
53,163.1,0,0
94,647.3,1,0
42,404.2,1,0
68,435.9,0,0
29,258.0,0,0
15,43.7,0,0
68,539.6,0,0
78,564.3,0,0
25,187.1,0,0
114,138.3,0,1
116,461.8,0,1
18,307.0,0,0
19,216.2,0,0
20,456.5,1,0
38,186.6,0,0
31,726.2,1,0
12,199.1,0,0
20,461.9,0,0
4,335.0,1,0
5,419.2,1,0
10,1031.4,1,0
145,167.5,0,1
133,440.5,0,1
71,875.2,1,0
25,429.1,0,0
10,580.7,0,0
41,278.5,0,0
58,412.5,0,0
22,645.1,0,0
55,253.5,0,0
14,123.0,0,1
26,104.7,0,0
34,734.4,0,0
136,655.0,0,0
20,141.1,0,0
57,580.5,0,0
17,459.7,1,0
15,260.1,0,0
22,137.1,0,0
42,301.8,1,0
124,149.1,1,1
25,202.5,0,0
78,112.1,0,1
140,71.9,0,1
51,767.7,1,0
88,287.3,1,0
21,430.1,1,0
56,160.4,0,0
67,276.7,1,0
12,108.9,0,0
19,738.9,0,0
33,475.0,0,0
22,205.2,1,0
36,108.5,0,1
10,85.8,1,0
131,278.0,0,1
84,434.2,0,0
291,403.2,0,1
13,177.0,0,0
58,274.9,1,0
22,105.6,0,0
15,159.7,1,0
80,336.4321212121212,1,0
43,57.4,1,0
31,37.9,0,0
52,141.2,0,0
20,732.9,0,0
19,332.8,1,0
23,1432.4,1,0
92,192.6,0,0
87,537.4,1,0
12,535.3,0,0
128,974.0,0,0
41,152.2,0,1
57,336.4321212121212,1,0
23,217.3,0,0
42,569.7,1,0
15,884.1,1,0
21,882.4,1,0
76,149.3,0,0
77,336.4321212121212,0,1
59,405.3,0,0
29,93.6,0,0
12,445.8,0,0
99,329.4,1,0
81,607.4,0,0
6,542.6,0,0
78,278.9,0,1
31,86.0,0,0
69,93.4,0,1
10,263.6,0,0
24,465.5,1,0
45,195.6,0,0
131,147.2,1,1
45,261.5,1,0
89,610.6,0,1
50,261.5,1,0
48,153.8,0,0
62,117.9,1,0
40,240.0,0,0
74,710.4,1,0
16,734.0,1,0
40,166.5,1,0
139,364.7,1,1
92,139.3,0,1
53,187.8,0,0
83,236.6,0,1
115,168.3,0,1
5,962.5,1,0
33,152.9,0,0
24,185.5,1,0
11,127.4,0,0
152,78.9,1,1
64,755.3,0,0
81,324.1,1,0
24,469.7,1,0
33,327.8,0,0
42,164.2,0,0
56,323.3,1,0
72,421.2,0,1
69,68.5,0,1
35,185.0,0,0
118,211.8,0,1
102,159.9,0,1
52,157.3,0,1
43,286.1,0,0
32,631.2,0,0
56,453.8,1,0
99,124.4,0,1
43,1627.6,1,0
26,635.3,0,0
43,169.7,0,0
53,641.8,0,0
15,291.0,0,0
11,88.6,0,0
27,587.4,0,0
118,124.5,0,1
95,360.8,0,1
9,363.2,1,0
18,382.9,0,0
72,794.0,0,0
30,319.7,1,0
58,87.4,0,1
9,140.3,0,0
42,105.9,1,0
39,58.2,0,0
81,699.9,1,0
56,353.7,1,0
46,224.1,0,0
7,173.0,0,0
142,454.0,0,1
68,691.6,0,0
23,121.2,0,0
46,455.8,1,0
30,512.5,0,0
35,301.0,0,0
94,556.8,1,0
18,112.3,1,0
70,704.6,0,0
97,455.5,0,0
62,376.4,0,0
37,487.9,0,0
21,196.8,0,0
24,102.4,0,0
46,106.7,1,0
43,70.2,0,1
76,347.0,0,0
10,179.3,0,0
93,675.2,0,0
205,757.4,1,1
40,589.4,1,0
35,501.3,1,0
38,139.8,0,0
45,162.7,0,0
33,139.2,0,0
5,99.3,0,0
37,229.6,0,0
47,660.1,1,0
100,218.1,0,1
18,133.1,0,0
128,218.3,0,1
31,284.5,0,0
20,167.1,0,0
68,300.3,1,0
28,336.4321212121212,1,0
40,88.4,1,0
42,28.4,0,0
65,269.4,0,0
39,335.6,0,0
36,222.1,0,0
30,139.8,1,0
61,667.1,0,0
27,257.4,0,0
102,278.9,0,0
43,336.4321212121212,0,0
8,279.4,1,0
52,199.5,0,1
59,667.1,0,0
103,48.6,0,0
22,322.7,0,0
19,392.6,1,0
67,231.0,1,0
92,289.1,1,0
21,816.5,1,0
51,124.1,0,0
40,555.9,1,0
22,251.4,0,0
38,396.0,0,0
87,441.7,1,0
43,26.3,0,1
36,157.9,1,0
64,138.6,0,0
93,106.5,0,1
18,200.7,1,0
53,362.0,1,0
31,478.2,0,0
43,77.5,0,1
68,254.2,0,1
33,310.3,0,0
39,542.7,0,0
83,934.6,1,0
58,213.8,0,1
38,141.4,1,0
46,325.7,0,0
44,113.5,0,0
7,398.1,1,0
47,132.8,0,0
13,364.3,0,0
91,141.0,0,0
12,877.0,1,0
30,327.8,1,0
25,54.4,0,1
115,488.0,0,1
89,216.4,0,1
3,499.7,1,0
41,642.8,1,0
15,262.6,0,0
47,72.6,0,1
67,281.4,0,0
50,798.9,1,0
70,301.6,1,0
34,340.3,0,0
51,125.1,0,0
68,60.7,0,1
29,286.0,1,0
20,256.8,0,0
24,695.7,1,0
38,269.5,0,0
42,506.8,0,0
53,175.4,0,1
22,70.6,0,0
69,354.4,0,0
132,856.6,1,0
26,155.8,0,0
182,392.7,0,1
144,403.1,0,1
42,276.3,1,0
37,540.6,1,0
24,324.9,0,0
77,540.9,1,0
44,368.3,0,0
48,234.3,0,0
20,333.2,1,0
78,682.9,1,0
35,365.3,1,0
16,138.6,0,0
40,215.3,0,0
21,441.3,1,0
103,502.8,0,1
143,59.9,0,1
40,206.3,0,0
87,477.1,0,0
85,123.7,0,1
1,161.5,1,0
24,253.9,0,0
46,55.2,0,0
30,779.3,0,0
23,437.3,1,0
89,391.7,0,0
29,550.1,0,0
54,1397.8,1,0
84,305.5,1,0
107,76.8,1,0
16,409.6,1,0
18,130.6,0,0
49,117.1,1,0
5,168.7,0,0
18,301.0,1,0
96,723.9,1,0
66,1030.7,1,0
38,132.1,1,0
59,178.9,0,0
69,379.3,0,0
11,542.2,1,0
28,146.3,1,0
105,477.6,0,0
50,138.0,0,0
52,108.5,0,1
40,478.2,1,0
7,737.2,1,0
25,315.0,0,0
56,277.4,0,0
29,305.6,1,0
17,345.5,1,0
19,210.6,0,0
106,375.6,0,0
27,266.0,0,0
92,1032.4,0,0
52,324.6,0,0
35,274.1,1,0
22,133.9,1,0
67,115.4,0,1
85,434.9,1,1
72,161.3,0,0
12,288.0,0,0
27,589.5,0,0
30,84.4,0,0
5,288.5,1,0
59,80.3,1,0
65,296.3,0,0
63,69.0,0,0
56,107.2,1,0
32,734.1,0,0
21,148.0,0,0
32,140.7,1,0
53,586.8,0,1
98,107.5,0,1
44,320.7,0,0
43,425.7,1,0
6,456.2,0,0
55,92.1,0,0
103,160.1,1,0
38,149.5,0,1
36,166.7,1,0
31,435.3,0,0
69,426.2,1,0
6,365.0,0,0
93,58.4,0,1
35,290.8,0,0
56,651.0,0,0
72,1230.8,1,0
19,222.5,1,0
41,462.9,0,0
34,126.0,0,0
15,79.0,1,0
84,84.3,1,0
32,592.8,0,0
14,181.8,0,0
43,153.6,0,0
11,552.0,1,0
29,79.6,0,0
52,353.3,0,0
9,210.3,0,0
66,1154.2,1,0
45,177.6,0,0
73,223.2,0,0
72,63.9,0,1
28,978.9,0,0
29,187.8,0,0
59,757.0,0,0
16,45.4,0,0
16,307.3,0,0
25,911.2,0,0
12,192.9,1,0
14,379.9,1,0
14,606.4,0,0
32,246.8,1,0
31,61.7,0,0
80,167.7,0,1
33,310.4,0,0
39,307.8,0,0
126,530.9,1,0
3,157.5,1,0
48,1123.6,1,0
35,124.8,0,1
52,265.8,0,0
26,318.8,0,0
32,296.7,0,1
95,92.7,0,1
58,616.3,0,0
34,161.0,0,0
21,339.6,0,0
16,377.3,1,0
28,376.1,1,0
36,73.1,1,0
126,149.7,0,1
46,337.3,0,0
24,59.6,0,0
3,272.5,1,0
21,271.2,0,0
28,394.2,0,0
49,347.0,1,0
28,215.1,0,0
130,300.5,0,1
34,204.8,0,1
82,117.3,0,0
9,166.2,0,0
39,334.2,0,0
21,216.6,0,0
84,1165.7,0,0
30,115.5,1,0
97,326.6,0,1
65,365.0,0,1
27,262.1,0,0
16,252.6,1,0
22,245.7,0,0
32,247.0,0,0
65,909.1,1,0
40,53.1,1,0
73,114.7,0,0
102,392.5,1,0
42,513.8,0,0
17,121.4,0,0
54,94.7,0,1
139,223.4,0,1
76,150.1,1,0
51,224.7,0,0
19,117.5,0,0
35,518.4,1,0
9,156.7,1,0
15,49.9,0,0
55,399.8,0,0
7,249.7,0,0
31,231.0,1,0
13,236.4,1,0
16,353.2,1,0
43,94.9,0,0
22,69.0,0,0
11,120.2,0,0
26,194.8,0,0
10,111.8,0,0
93,905.5,1,0
67,120.3,0,0
67,257.1,0,0
20,454.3,1,0
56,558.7,0,0
47,1000.7,1,0
22,969.3,0,0
38,540.5,0,0
9,484.8,0,0
16,100.9,0,0
38,473.5,1,0
27,203.5,0,0
52,205.2,0,0
22,178.6,0,0
31,98.8,0,0
40,202.5,1,0
21,114.7,0,0
30,53.1,1,0
47,802.4,1,0
111,253.2,0,1
21,339.4,1,0
27,235.8,0,0
75,511.7,0,0
88,279.4,0,1
60,819.8,1,0
87,507.7,1,0
20,133.9,0,1
81,738.0,1,0
69,317.2,0,0
15,231.7,0,0
31,471.8,0,0
4,331.8,1,0
45,414.5,0,0
80,84.9,0,0
26,259.6,0,0
17,141.9,0,0
16,947.2,0,0
40,601.7,0,0
59,379.5,1,0
112,564.8,0,0
4,144.1,0,0
104,172.3,0,1
46,41.6,1,0
78,519.7,1,0
66,27.8,0,0
42,205.4,1,1
40,82.3,0,0
53,503.2,0,0
33,887.3,0,0
35,445.2,0,0
61,392.2,0,0
21,382.7,1,0
83,358.3,1,0
78,159.7,1,0
28,57.3,0,0
62,271.3,0,1
56,416.2,1,0
25,318.7,0,0
65,352.7,0,0
109,421.0,0,1
85,341.4,1,0
11,112.3,0,0
58,344.3,0,0
76,523.6,1,0
24,197.5,0,0
83,403.7,0,0
22,273.5,0,0
33,97.8,0,0
22,1413.4,1,0
19,189.7,0,1
53,104.8,0,0
12,182.7,1,0
34,24.8,1,0
53,263.0,1,0
23,622.5,0,0
92,291.0,0,1
36,167.9,1,0
120,314.2,1,1
10,243.3,0,1
55,193.7,0,1
47,481.7,0,0
30,419.8,1,0
42,109.5,0,0
61,472.5,0,0
69,583.4,0,0
37,429.6,1,0
55,272.9,1,0
21,162.3,0,0
70,933.2,1,0
105,405.4,1,0
74,268.8,0,0
22,88.6,0,1
18,119.5,0,0
170,86.6,1,1
100,207.6,0,0
69,159.4,0,0
109,362.2,1,0
41,533.8,0,0
68,527.0,1,0
92,462.4,0,0
33,524.8,0,0
58,166.8,1,0
85,236.1,1,0
17,161.7,0,0
30,546.2,1,0
84,111.7,1,1
48,642.4,0,0
44,228.9,1,0
40,91.8,0,0
90,182.2,0,1
18,192.2,0,0
29,279.0,1,0
12,289.0,1,0
32,521.5,0,0
46,315.9,0,0
6,90.7,0,0
21,189.1,0,0
48,205.0,1,0
57,338.5,1,0
126,336.4321212121212,0,1
63,1009.3,1,0
36,461.0,0,0
46,492.0,1,0
47,37.6,1,0
29,448.4,0,0
50,43.3,0,1
28,221.1,1,0
52,188.3,0,0
40,508.0,0,0
35,105.8,0,0
36,215.1,0,0
71,72.3,0,1
66,465.2,1,0
34,222.9,1,0
69,281.4,0,0
39,13.6,1,0
40,94.9,0,0
29,374.1,1,0
117,512.9,1,0
109,647.9,0,0
24,761.9,1,0
32,151.5,0,0
54,336.4321212121212,0,0
62,553.2,1,0
17,311.6,0,0
20,189.8,0,0
62,287.0,0,0
11,801.6,1,0
24,241.4,0,0
76,363.1,0,0
74,391.3,1,0
113,188.0,1,0
138,506.0,0,1
215,246.8,0,1
31,188.0,0,1
26,298.5,0,0
56,545.9,0,0
12,370.3,1,0
34,365.3,1,0
46,355.0,0,0
59,415.8,0,0
64,265.9,1,0
34,225.2,0,0
14,250.5,1,1
17,352.8,0,0
5,246.6,0,0
26,333.0,1,0
12,262.5,0,0
28,107.4,1,0
56,391.5,0,0
14,336.4321212121212,0,0
44,323.5,1,0
33,172.7,0,0
53,137.1,1,0
63,283.1,0,0
32,338.2,0,0
42,1398.2,0,0
33,161.1,0,0
29,436.3,0,0
23,196.2,0,0
59,462.6,0,0
100,376.5,0,0
92,211.9,1,0
13,126.9,1,0
99,93.0,1,1
19,642.0,1,0
46,158.7,1,0
53,632.6,1,0
10,258.2,0,0
36,269.0,1,0
103,539.7,1,0
3,336.4321212121212,0,0
179,388.9,0,1
5,163.2,0,0
52,610.6,0,0
10,186.5,1,0
58,392.8,0,0
89,538.4,0,1
73,7.8,1,0
82,366.6,0,1
34,145.7,0,0
102,413.4,0,1
153,392.0,1,1
45,465.7,1,0
31,244.4,0,0
21,730.7,1,0
70,74.6,0,1
85,679.3,1,0
31,214.9,1,0
117,52.7,1,0
66,265.8,0,0
44,195.3,1,0
53,453.4,1,0
17,372.7,0,0
70,296.0,1,0
18,360.1,0,0
27,409.2,1,0
39,262.2,0,0
137,288.8,1,1
50,174.1,0,1
20,781.3,0,0
53,253.3,0,1
63,325.2,0,0
94,400.5,0,0
41,208.2,0,0
23,341.6,0,0
161,735.5,0,1
53,143.2,0,0
20,955.9,1,0
41,420.4,0,0
27,212.6,1,0
98,177.0,1,0
63,952.4,1,0
32,498.4,0,0
85,302.9,1,0
38,179.8,0,0
40,164.1,0,0
22,224.6,0,0
22,312.9,1,0
154,290.6,0,1
82,119.4,0,0
6,206.1,1,0
18,281.1,1,1
15,915.7,0,0
44,313.3,0,0
30,109.5,1,0
111,124.5,0,1
32,726.8,0,0
144,565.2,0,1
39,253.8,1,0
165,474.6,1,1
35,437.7,1,0
36,336.9,1,0
81,137.5,0,0
73,336.4321212121212,0,1
12,463.7,0,0
44,342.1,0,0
29,139.4,0,0
28,713.7,1,0
44,708.6,0,0
33,397.8,1,0
48,252.3,0,0
17,70.4,0,1
10,226.7,0,0
83,110.5,0,0
92,307.1,1,0
79,510.7,0,0
43,399.0,0,0
31,559.3,0,0
25,212.8,0,1
21,89.1,0,1
39,268.0,1,0
90,399.0,1,0
23,575.5,0,0
90,588.0,1,0
10,60.2,0,0
50,300.2,0,0
58,507.5,0,0
27,602.1,0,0
16,533.8,0,0
75,152.0,0,0
43,158.3,0,0
198,781.4,0,1
91,185.1,0,1
92,912.5,1,0
2,125.6,0,0
23,236.0,0,0
14,37.9,0,0
5,223.9,0,0
40,135.2,0,0
74,400.9,0,0
18,398.7,0,0
5,350.8,0,0
19,140.7,0,0
37,561.0,0,0
35,267.2,0,0
42,423.2,0,0
57,535.7,0,0
41,376.0,1,0
77,81.3,0,0
18,313.3,0,0
33,226.0,0,0
64,168.5,1,1
51,652.3,0,0
133,207.8,0,1
19,382.7,0,0
64,445.9,0,0
24,313.4,0,0
22,190.7,0,0
87,95.4,1,0
41,348.1,0,0
51,271.9,1,0
26,998.8,1,0
27,155.0,0,0
9,39.1,0,0
48,101.1,0,0
16,533.1,0,0
37,455.4,0,0
77,843.4,1,0
7,297.3,1,0
232,417.3,0,1
22,303.0,0,0
38,213.6,1,0
51,345.6,1,0
21,257.7,1,0
28,624.9,0,0
89,163.4,0,0
71,684.8,0,0
34,155.3,0,1
42,198.4,0,1
46,275.1,0,0
62,194.7,1,0
66,273.4,0,0
64,300.3,0,0
30,603.5,0,0
45,38.4,0,1
83,156.4,0,0
161,742.5,0,1
44,253.7,1,0
27,195.1,0,0
21,148.5,0,0
65,411.1,0,0
9,88.8,1,1
65,437.4,1,0
66,1058.1,1,0
27,53.0,0,1
50,414.4,0,0
35,96.2,0,0
12,350.7,0,0
62,429.5,1,0
58,433.9,0,0
29,229.3,1,0
160,238.6,1,1
42,441.9,0,0
6,227.7,1,0
86,477.1,0,0
73,27.5,0,1
79,316.2,0,0
17,456.9,0,0
49,229.0,0,1
41,619.9,0,0
36,181.2,0,0
102,307.7,0,0
42,509.5,0,0
30,105.8,0,0
30,538.9,0,0
16,333.7,0,0
45,186.5,1,0
107,334.4,1,0
32,173.7,1,0
51,510.4,1,0
36,215.4,0,0
39,254.6,0,0
75,401.0,0,0
16,225.2,0,0
10,346.8,1,0
86,253.2,0,1
27,47.9,1,0
30,104.3,1,0
182,205.5,1,1
72,217.3,1,0
20,33.0,0,0
90,266.5,0,0
74,238.4,0,1
1,288.7,0,0
47,205.6,0,0
17,871.8,1,0
39,479.7,1,0
161,726.8,0,1
77,105.3,0,0
84,201.2,0,1
36,169.5,0,0
85,83.3,1,0
22,229.5,0,0
46,30.6,0,1
75,389.7,0,0
73,569.3,0,0
11,219.7,0,0
139,286.7,0,1
19,572.9,0,0
204,123.2,0,1
76,336.4321212121212,0,1
72,38.5,1,0
20,134.6,0,0
28,153.9,0,0
131,409.8,0,1
120,109.2,1,0
37,60.8,0,1
34,597.0,1,0
35,162.2,0,0
91,288.3,0,0
85,426.9,0,0
55,1160.3,0,0
47,440.2,1,0
36,148.7,0,0
193,453.2,0,1
12,116.9,0,0
31,568.3,0,0
53,140.6,0,0
9,99.1,0,0
26,342.6,1,0
160,331.5,0,1
81,103.0,0,0
26,206.3,1,0
25,358.2,0,0
12,382.4,1,0
29,344.2,0,0
63,748.2,1,0
55,317.2,0,0
30,886.7,1,0
19,612.6,1,0
36,161.7,0,0
35,771.3,1,0
74,307.9,0,0
50,533.2,0,0
45,348.9,0,0
96,795.0,0,0
120,99.3,0,1
55,216.8,0,0
56,394.8,0,1
38,369.6,1,0
20,153.2,1,0
78,743.0,0,0
68,241.4,0,0
40,498.7,0,0
50,373.4,0,0
92,441.7,0,0
102,93.3,0,1
2,249.0,0,0
25,584.1,1,0
40,496.4,0,0
16,467.0,0,0
51,141.5,0,1
26,54.7,0,0
52,82.7,0,0
26,258.5,0,0
27,278.1,0,0
52,257.7,0,0
80,124.6,1,1
65,216.1,1,0
41,738.4,0,0
7,334.1,0,0
27,245.3,0,0
24,727.5,0,0
70,838.7,0,0
47,180.4,0,0
48,335.8,0,0
21,66.6,0,0
105,49.8,0,1
48,280.4,1,0
20,117.6,1,0
21,216.4,1,0
53,312.6,0,1
19,821.2,1,0
25,342.4,0,0
15,236.6,1,0
70,870.0,0,0
20,354.8,1,0
117,500.6,0,1
58,689.3,1,0
15,317.0,1,0
64,17.7,0,1
105,150.2,0,1
39,203.1,1,0
114,250.4,0,1
59,273.9,1,0
26,219.8,0,0
162,262.4,0,1
12,299.8,0,0
32,53.0,0,1
41,384.9,1,0
144,416.4,0,1
71,878.0,0,0
63,288.3,0,0
22,479.5,0,0
38,507.7,1,0
26,176.1,1,0
61,302.1,0,0
94,891.7,1,0
186,861.1,1,1
29,661.7,0,0
11,1731.0,1,0
33,412.6,0,0
85,185.3,0,0
20,545.1,1,0
42,336.4321212121212,0,0
64,482.0,1,0
29,147.1,1,0
50,148.9,0,1
18,61.2,1,0
99,351.6,0,1
35,638.9,0,0
49,289.5,0,1
7,341.2,1,0
16,158.7,0,0
84,512.8,0,0
29,743.6,1,0
19,91.1,1,0
10,401.7,1,0
97,500.0,0,0
69,183.9,0,0
66,59.3,0,1
124,140.4,1,0
32,709.4,0,0
11,558.3,0,0
44,789.5,1,0
140,82.8,0,1
44,645.7,1,0
92,962.2,1,0
12,195.1,1,0
22,226.4,0,0
80,318.7,0,0
48,465.6,1,0
39,249.8,1,0
92,697.5,1,0
79,401.1,0,0
49,163.1,1,0
3,666.3,1,0
42,311.1,1,0
58,537.5,1,0
7,175.8,1,0
56,142.1,0,0
94,54.4,0,1
42,584.8,0,0
17,478.8,0,0
3,320.1,0,0
57,79.5,0,1
8,651.8,0,0
65,407.8,0,0
135,192.0,0,1
23,445.5,1,0
35,304.7,1,0
141,408.1,0,1
46,150.1,1,0
29,32.1,0,0
85,381.6,0,0
30,425.5,0,0
22,54.3,0,0
65,23.5,1,0
90,419.6,1,0
21,391.2,0,0
49,227.0,0,0
37,122.6,0,0
41,881.7,0,0
17,366.5,0,0
68,579.6,0,0
117,127.5,1,1
21,830.8,1,0
68,356.6,0,1
84,1071.2,1,0
49,413.4,0,0
66,285.9,0,1
23,249.8,0,0
112,154.5,0,1
91,327.3,1,0
98,418.6,0,0
15,470.5,0,0
60,134.7,0,1
25,70.6,0,0
119,435.9,1,0
21,50.9,0,0
50,255.9,0,0
5,80.9,0,0
50,457.3,0,0
15,191.2,0,0
63,274.4,1,0
37,66.1,0,1
31,704.2,1,0
121,402.2,1,0
169,413.0,1,1
11,84.6,0,1
32,45.6,0,0
76,133.9,0,1
55,243.6,1,0
73,130.4,0,1
40,826.5,0,0
93,551.5,0,0
49,260.8,0,0
58,143.0,0,0
15,100.2,0,1
45,327.7,1,0
77,325.1,0,1
53,179.4,0,0
47,359.7,0,1
60,168.2,0,0
49,99.1,0,0
41,468.5,1,0
78,43.7,0,1
38,91.3,1,0
14,115.7,0,0
117,157.3,0,1
25,545.4,1,0
10,66.3,0,0
66,211.9,0,1
127,328.0,0,1
67,308.2,0,0
106,545.5,1,0
19,216.9,0,0
14,198.9,1,0
32,791.7,1,0
89,336.4321212121212,0,1
63,170.4,1,0
66,122.9,0,1
47,154.7,1,1
32,705.9,0,0
48,1019.8,1,0
37,455.9,0,0
31,370.6,0,0
56,131.3,0,1
35,230.3,1,0
52,57.3,0,1
6,213.2,0,0
49,101.1,1,0
34,379.9,1,0
110,182.2,1,0
10,403.8,1,0
46,157.0,1,0
77,61.4,1,0
39,104.0,0,0
33,330.5,0,0
77,450.0,1,0
62,321.5,0,1
65,289.4,0,1
31,261.0,0,0
28,522.7,1,0
52,18.8,0,1
82,684.2,0,0
12,208.6,0,1
40,404.2,0,0
29,244.6,0,0
43,137.8,0,0
72,196.2,0,0
21,128.3,1,0
67,114.3,0,1
32,465.1,1,0
90,381.9,1,0
22,41.7,0,0
81,153.9,1,0
14,207.8,0,0
49,319.3,1,0
68,862.8,0,0
23,336.4321212121212,1,0
29,34.8,0,1
44,255.6,0,0
33,79.8,0,0
27,280.4,1,0
78,1189.8,1,0
97,168.3,0,0
93,470.2,0,0
60,253.4,0,0
66,861.8,1,0
19,375.3,0,0
41,666.5,1,0
46,327.6,0,0
53,166.4,0,0
53,611.9,0,0
44,301.5,0,0
59,175.5,0,0
51,137.9,0,1
51,402.1,1,0
24,542.4,0,0
16,348.1,0,0
53,186.6,0,0
30,338.6,0,0
25,438.3,0,0
69,54.7,0,1
41,80.6,0,0
106,410.3,0,1
64,77.4,0,1
23,215.4,0,0
69,273.1,0,0
57,105.7,0,1
22,289.0,1,0
28,276.1,0,1
67,726.6,1,0
8,520.0,0,0
5,400.9,1,0
49,199.2,1,0
46,527.5,0,0
52,701.7,1,0
46,135.4,0,1
59,288.9,0,0
98,228.4,1,1
43,411.0,1,0
11,126.9,0,1
7,435.0,0,0
33,317.6,0,0
33,127.2,0,0
13,532.0,1,0
4,152.2,0,0
31,42.9,0,0
127,103.9,0,1
57,468.3,0,0
54,714.7,0,0
38,726.4,0,0
33,208.1,1,0
61,279.8,1,0
15,178.5,0,0
149,321.3,1,0
16,96.9,1,0
65,212.9,1,0
17,289.6,0,0
47,469.9,0,0
70,308.3,0,0
9,207.7,0,0
19,106.4,0,0
20,489.1,0,0
35,64.8,0,0
51,103.1,1,0
128,379.8,0,1
27,417.1,0,0
123,22.4,1,1
56,271.9,1,0
15,45.5,1,0
38,285.0,1,0
12,184.9,0,0
33,801.5,1,0
31,341.6,0,1
48,349.5,0,0
65,550.3,0,0
40,564.1,0,0
17,277.2,0,0
106,148.6,0,1
134,588.2,1,0
37,437.1,0,0
54,377.2,0,0
36,359.2,1,0
48,217.6,0,0
50,565.3,0,0
14,239.7,1,0
33,142.8,0,0
86,207.0,0,0
81,161.7,1,0
33,438.5,0,0
51,276.5,0,0
35,49.1,1,1
67,445.3,1,0
9,212.5,0,0
61,252.7,0,0
111,302.0,0,0
24,167.1,0,0
101,141.6,0,1
52,378.1,0,0
40,115.3,1,0
33,112.3,0,0
103,134.2,0,1
35,484.2,0,0
122,754.5,1,0
113,133.2,0,1
29,114.2,0,0
37,356.4,1,0
6,212.3,0,0
41,444.1,0,0
45,357.2,0,1
92,754.0,0,0
117,118.9,0,1
72,439.4,0,1
87,184.8,0,0
37,108.2,0,0
14,237.0,1,0
52,257.2,1,0
91,709.0,1,0
2,78.6,1,0
47,136.5,0,0
7,344.2,1,0
22,101.9,0,0
48,917.3,1,0
118,1012.7,1,0
43,323.9,1,0
68,492.7,1,0
52,630.9,0,0
23,223.7,0,0
60,336.4321212121212,0,0
14,90.8,0,0
43,39.4,0,0
102,475.6,0,1
49,304.8,1,0
52,763.8,0,0
33,201.8,1,0
10,109.1,1,0
36,577.0,1,0
78,940.6,1,0
57,91.7,0,0
15,152.9,1,0
7,799.0,1,0
23,922.4,0,0
36,365.5,0,0
38,187.2,1,0
38,578.5,0,0
43,200.9,0,0
58,192.2,1,0
31,166.4,0,0
19,404.7,0,0
63,337.4,1,0
79,350.9,0,0
27,452.5,0,0
149,209.4,0,1
114,492.8,0,0
16,328.1,1,0
8,168.5,0,0
37,67.1,0,0
52,202.5,0,0
148,657.8,0,1
145,567.6,1,1
68,454.1,1,0
31,99.3,0,1
95,164.0,0,1
47,395.4,0,0
13,465.8,0,0
13,576.7,1,0
32,302.2,0,0
84,130.9,0,0
17,466.6,0,0
32,211.9,1,0
113,612.3,1,0
57,202.8,0,0
62,960.1,1,0
86,186.3,0,1
32,183.5,0,0
118,307.1,1,0
70,172.4,0,0
39,146.8,1,1
104,128.8,0,1
68,599.7,0,0
42,155.2,1,0
63,184.9,0,1
21,977.3,0,0
95,480.9,0,1
146,617.7,1,0
9,882.5,0,0
27,231.2,0,0
25,55.3,1,0
73,445.2,0,1
50,212.4,0,0
30,983.0,0,0
34,36.6,0,0
28,113.0,0,1
67,158.0,0,0
50,305.0,1,0
33,76.8,0,0
28,423.5,1,0
105,150.8,0,1
93,503.0,0,0
67,627.6,0,0
87,193.6,0,0
13,474.5,1,0
17,250.9,0,0
15,236.8,0,0
43,92.4,1,0
88,295.1,1,0
31,609.2,1,0
97,331.9,0,0
27,150.3,1,0
39,71.7,0,0
30,220.8,0,0
36,135.1,0,0
40,148.8,0,0
7,137.1,0,0
56,253.4,0,0
39,498.3,1,0
118,130.8,0,1
65,125.9,0,1
54,83.9,0,0
114,371.2,1,0
106,460.8,0,1
122,229.6,0,1
28,500.0,1,0
15,715.2,1,0
7,299.5,0,0
86,153.6,1,0
6,139.0,1,0
50,161.8,1,0
10,798.4,0,0
94,1235.7,1,0
61,187.6,0,1
94,531.6,0,0
51,597.7,0,0
19,72.7,0,0
30,768.5,0,0
80,268.0,1,0
9,198.1,0,0
28,87.1,0,0
25,801.9,0,0
40,264.4,0,0
67,973.9,1,0
92,572.8,0,0
12,190.3,0,0
20,270.9,0,0
14,146.4,0,0
41,161.6,0,0
15,449.3,1,0
55,555.7,1,0
101,40.9,0,1
8,55.0,1,0
21,214.9,1,0
123,402.7,1,1
49,604.5,0,0
28,261.3,0,0
210,205.2,0,1
34,493.8,1,0
65,151.4,1,0
22,266.3,0,0
18,225.7,0,0
67,366.6,1,0
130,719.8,1,0
29,65.2,1,0
17,306.2,1,0
85,426.3,0,0
29,336.4321212121212,0,0
56,71.9,1,0
28,42.0,0,0
33,404.9,0,0
20,68.5,1,0
69,270.1,0,1
57,687.6,1,0
56,67.8,0,1
24,977.5,1,0
53,395.4,0,0
142,1305.9,0,0
17,169.9,0,0
22,623.2,0,0
23,241.3,1,0
46,335.0,1,0
16,143.7,0,0
61,248.5,0,0
7,480.8,0,0
75,769.4,0,0
55,156.0,1,0
140,374.4,1,1
18,207.4,1,0
87,389.2,1,0
39,530.4,0,0
33,222.4,1,0
17,455.2,1,0
29,147.5,1,0
30,728.7,1,0
10,437.2,0,0
54,171.1,1,0
49,128.9,0,0
64,647.4,0,0
26,916.7,0,0
77,177.7,1,0
105,628.1,1,0
35,249.3,1,0
18,842.7,1,0
44,199.8,0,0
43,536.9,1,0
37,281.3,0,1
65,28.3,0,1
32,121.1,0,0
17,529.9,1,0
47,485.6,1,0
67,309.6,0,1
71,787.5,0,0
30,598.5,1,0
52,421.2,0,0
106,36.1,1,1
89,619.5,1,0
10,58.8,0,0
32,336.4321212121212,0,0
101,77.3,1,1
10,463.5,1,0
40,545.6,0,0
25,303.7,1,0
53,239.6,0,0
4,111.1,0,1
95,701.1,1,0
42,85.4,1,0
16,281.4,0,0
22,300.5,1,0
55,331.3,0,0
21,444.3,0,0
127,220.8,0,1
38,622.5,1,0
112,243.1,0,1
47,323.0,0,1
69,94.2,0,1
66,232.0,1,1
28,68.1,1,0
69,341.1,1,0
30,427.0,0,0
9,212.4,0,0
35,232.2,0,0
14,436.3,1,0
29,471.3,1,0
41,49.9,0,0
19,197.9,1,0
62,59.0,0,1
30,182.3,0,0
13,693.6,0,0
19,431.1,0,0
45,248.4,0,0
34,824.3,0,0
52,312.8,0,0
45,1461.5,1,0
17,277.0,0,0
25,151.7,0,0
76,113.6,1,0
20,399.4,0,0
114,180.8,0,1
11,359.6,1,0
74,355.3,0,0
38,120.4,0,1
18,309.0,0,0
44,279.8,0,0
21,62.8,0,0
26,479.9,1,0
31,404.2,0,0
70,607.7,0,0
25,90.1,0,0
50,1208.9,1,0
72,131.7,0,1
43,32.5,0,0
55,256.6,0,0
40,331.5,0,0
62,289.0,1,0
13,88.8,0,0
107,169.6,0,0
23,317.3,0,0
39,1327.1,1,0
6,93.1,0,0
27,150.5,0,0
51,93.0,1,0
117,236.5,1,0
63,234.6,0,0
29,501.1,0,0
10,322.0,0,0
99,672.1,0,0
28,242.9,0,0
51,6.2,0,0
29,333.0,0,0
56,45.4,0,1
96,637.5,1,0
70,316.1,1,0
34,144.9,0,1
101,82.2,0,1
134,163.5,0,1
83,304.8,1,0
30,844.1,0,0
75,219.2,0,1
82,295.1,0,1
34,229.2,0,0
134,295.6,0,0
93,282.4,0,1
36,246.5,0,0
30,182.8,1,0
81,409.9,0,0
158,121.0,1,1
14,465.1,1,0
58,415.5,0,0
74,35.2,0,0
95,84.8,0,1
74,41.3,0,1
28,766.4,1,0
12,205.8,1,0
33,568.0,0,0
72,188.1,0,1
26,130.8,1,0
106,174.8,1,1
38,362.0,1,0
25,412.4,0,0
62,252.9,0,0
35,622.0,1,0
29,279.8,1,0
146,235.0,0,1
26,126.9,0,0
32,115.1,0,0
63,432.3,0,0
105,93.4,0,1
59,244.1,1,0
45,447.3,0,0
157,66.1,1,1
31,600.1,0,0
31,132.7,1,0
26,782.2,1,0
56,93.3,0,1
20,431.6,0,0
16,154.5,0,0
32,866.2,0,0
9,265.3,1,0
51,106.4,1,0
56,358.0,0,0
63,169.5,0,0
77,384.6,0,0
32,774.0,1,0
97,440.1,0,0
90,47.5,0,1
17,91.4,0,0
40,301.3,0,0
3,325.0,0,0
97,96.1,1,0
76,100.2,0,1
113,626.2,0,0
11,181.6,1,0
60,533.3,1,0
28,538.0,0,0
6,135.2,0,0
84,228.5,0,0
14,411.1,0,0
54,47.0,0,0
27,195.1,0,0
48,576.5,0,0
78,414.8,1,0
48,321.7,0,0
20,624.2,1,0
148,152.4,0,1
33,125.9,1,0
23,397.6,1,0
40,211.2,1,0
11,199.8,1,0
25,336.4321212121212,1,0
34,355.6,0,0
51,209.0,0,0
44,95.9,0,0
60,651.0,1,1
41,240.7,1,0
89,361.9,0,1
68,730.0,0,0
57,494.9,0,0
100,880.1,1,0
100,488.1,0,1
46,195.9,0,0
31,120.4,0,0
49,187.8,0,0
38,258.8,1,0
30,770.5,1,0
48,215.7,1,0
56,74.6,0,0
65,293.3,0,0
110,256.6,0,1
52,163.6,1,0
41,178.4,0,0
82,691.1,0,0
21,354.5,0,0
9,247.2,1,0
59,125.1,0,0
33,1223.0,1,0
35,788.3,0,0
21,465.9,0,0
94,206.6,0,1
10,119.8,0,0
64,123.9,0,1
42,204.6,0,0
115,165.4,0,1
83,316.5,1,0
16,234.4,0,0
68,135.0,1,0
58,107.2,0,1
40,249.1,1,0
64,229.6,0,1
25,652.3,0,0
45,305.9,0,0
42,297.6,0,0
22,314.9,0,0
33,714.2,1,0
28,2670.5,1,0
55,201.4,1,0
98,1161.1,1,0
13,64.5,0,0
57,193.2,0,0
28,94.0,0,0
79,401.7,0,1
56,485.3,0,0
10,74.8,0,0
48,527.9,0,0
38,320.5,0,0
14,579.4,1,0
28,757.0,1,0
46,410.0,0,0
29,79.7,1,0
85,231.2,1,0
38,70.2,0,0
26,31.1,0,0
48,88.3,0,0
53,246.6,1,0
80,1102.7,1,0
44,240.6,0,0
52,322.4,0,0
67,159.1,0,0
22,208.4,0,0
76,259.4,0,0
15,259.1,1,0
46,485.0,1,0
47,188.5,1,0
46,84.5,1,0
14,66.5,1,0
2,459.5,0,0
34,14.3,0,0
54,205.5,0,1
107,119.0,1,1
55,383.0,0,0
15,320.2,1,0
35,251.1,0,0
37,267.9,0,0
97,261.1,0,1
56,64.8,0,0
17,216.9,1,0
27,150.2,1,0
71,134.9,0,1
49,263.9,0,0
42,461.5,0,0
35,450.3,0,0
70,299.1,0,0
31,227.6,1,0
26,250.9,0,0
78,410.8,0,0
2,134.2,0,0
16,242.9,0,0
22,158.0,0,0
82,132.4,0,0
47,231.7,0,0
15,175.9,0,0
14,304.1,0,0
84,178.0,0,0
14,215.5,0,0
25,84.1,1,0
30,424.2,0,0
60,429.7,0,0
28,115.4,0,0
12,124.8,0,0
64,274.5,0,0
63,211.7,1,1
115,386.1,1,0
50,613.8,0,0
14,120.5,0,0
111,447.4,0,0
30,133.6,1,0
74,134.3,0,0
109,276.2,0,0
44,370.1,0,1
40,601.3,0,0
50,743.0,0,0
57,191.7,0,0
83,240.9,0,1
36,401.0,1,0
43,232.8,0,0
27,190.1,0,0
27,200.5,1,0
20,373.7,0,0
29,604.5,0,0
18,57.1,0,1
76,202.6,0,0
65,76.1,1,0
38,358.1,0,0
49,131.6,0,0
20,549.0,0,0
40,215.0,0,0
90,469.9,1,0
88,118.2,0,0
116,267.9,0,1
76,345.3,1,0
53,336.4321212121212,0,0
73,189.2,1,1
15,672.0,1,0
70,402.1,1,0
78,585.0,0,0
40,66.1,0,1
43,350.4,1,0
34,208.7,0,0
39,754.0,0,0
47,493.6,1,0
51,306.4,1,0
20,363.5,0,0
23,170.9,0,0
65,332.2,0,0
54,1351.2,1,0
22,198.8,1,0
38,266.2,0,0
127,127.3,0,1
4,336.4321212121212,1,0
2,450.7,0,0
4,87.1,0,0
160,427.0,1,0
16,431.7,0,0
32,176.6,0,0
62,571.2,0,0
59,537.6,0,0
34,228.6,1,0
104,74.8,0,1
71,450.8,1,0
24,230.2,0,1
17,278.2,0,0
47,344.2,0,0
74,62.2,0,1
129,168.0,0,1
52,702.7,0,0
31,284.5,0,0
98,360.8,0,0
89,346.9,1,0
71,459.3,1,0
14,688.9,1,0
32,33.7,0,0
36,412.2,0,0
71,302.5,1,0
6,462.2,0,0
30,181.7,0,0
42,228.7,1,0
35,109.1,1,0
120,237.4,0,1
83,78.8,0,0
83,288.4,1,0
29,277.9,0,0
48,177.0,1,0
20,71.7,1,0
20,54.2,1,0
84,104.6,0,1
74,38.3,0,1
19,354.1,1,0
45,1058.1,0,0
10,107.2,1,0
61,1225.8,0,0
18,264.8,0,0
45,398.8,1,0
127,76.5,1,1
16,366.2,1,0
54,207.4,1,0
40,673.2,0,0
15,54.2,1,0
23,210.5,1,0
57,121.5,0,1
35,316.2,0,0
106,19.2,0,0
59,659.2,0,0
17,399.2,1,0
76,291.7,0,0
83,86.4,0,0
51,427.9,0,0
63,397.9,0,0
51,563.1,0,0
96,192.3,0,1
88,70.9,1,0
10,141.1,0,0
9,474.2,0,0
36,163.0,0,0
73,1120.9,1,0
93,435.2,0,1
31,1020.0,1,0
35,221.7,1,0
33,438.0,1,0
39,105.4,0,0
47,587.1,1,0
29,355.4,0,0
33,543.5,1,0
55,183.4,0,1
13,273.1,0,0
135,262.4,0,1
72,184.1,0,0
103,371.2,1,0
19,323.4,0,0
25,367.4,0,0
3,180.5,0,0
43,565.1,1,0
44,539.5,1,0
51,484.3,1,0
8,596.2,1,0
41,216.2,0,1
53,92.4,0,0
60,541.0,1,0
26,155.9,0,0
148,57.7,0,1
35,159.5,0,0
47,280.9,0,0
32,624.6,0,0
27,423.1,1,0
67,456.7,0,0
9,409.8,0,0
70,314.2,0,0
46,263.9,1,0
36,105.0,0,0
14,1212.4,1,0
43,212.0,1,0
66,199.9,0,1
47,296.6,1,0
40,207.5,1,0
34,467.6,1,0
29,210.5,1,0
15,196.4,0,0
65,152.0,0,1
50,193.1,0,0
68,88.4,0,1
29,91.3,1,0
37,715.6,0,0
14,596.0,1,0
9,834.4,1,0
45,885.0,1,0
4,152.5,1,0
54,623.1,0,0
26,514.5,0,0
165,191.8,0,1
42,323.2,0,0
63,447.7,0,0
24,382.9,0,0
91,298.4,1,0
96,284.0,0,1
81,350.8,0,0
145,243.3,1,1
16,378.6,0,0
66,141.3,0,0
22,827.6,1,0
17,498.3,0,0
41,590.3,1,0
50,334.0,0,0
38,388.8,1,0
13,511.2,0,0
44,96.8,0,0
41,127.3,0,1
17,500.7,1,0
108,245.9,0,0
137,160.2,0,1
46,699.1,1,0
2,361.7,1,0
42,322.5,0,0
88,710.8,1,0
42,226.9,0,0
38,870.8,0,0
67,104.8,0,0
167,696.2,1,1
53,218.9,1,0
46,479.0,0,0
101,143.3,0,1
58,69.5,0,1
126,628.2,1,1
17,250.4,1,0
17,72.2,0,0
20,648.6,1,0
78,386.9,1,0
54,192.1,0,0
34,334.7,0,0
54,225.6,0,0
86,266.7,1,0
33,577.4,1,0
71,300.1,0,0
30,176.6,1,1
10,251.3,0,0
42,439.6,0,0
8,131.8,1,0
32,741.8,1,0
47,292.4,0,0
21,276.0,0,0
63,286.4,0,0
35,738.6,0,0
65,252.5,0,0
41,194.1,0,0
36,297.6,1,0
21,483.1,0,0
43,515.2,1,0
47,332.1,1,0
55,986.0,0,0
51,374.1,0,0
12,157.6,1,0
83,35.2,0,1
56,520.0,1,0
44,266.6,1,0
54,87.3,1,0
62,305.7,1,0
141,419.0,0,0
26,222.2,0,0
27,246.2,0,0
16,31.6,0,0
6,400.6,0,0
57,53.2,0,0
144,206.6,1,1
33,311.5,0,0
95,133.3,0,0
34,156.9,0,1
92,301.2,0,1
54,319.0,0,0
43,261.3,0,0
27,27.9,0,0
45,41.3,0,0
76,627.7,1,0
24,245.5,1,0
40,1424.9,1,0
49,302.3,0,0
75,1118.1,1,0
46,285.6,1,0
34,170.7,0,1
51,525.4,1,0
91,550.1,0,1
58,286.8,1,0
40,513.5,1,0
44,53.5,0,0
17,157.4,1,0
70,342.6,0,0
13,246.9,1,0
30,310.9,0,0
37,450.6,1,0
30,390.6,0,0
18,475.8,0,0
24,483.6,0,0
12,128.9,1,0
116,291.3,0,0
27,284.2,1,0
25,314.9,1,0
144,204.3,0,0
9,254.3,0,0
63,152.9,0,0
43,454.9,0,0
18,347.0,0,0
46,151.6,0,0
128,258.0,0,1
63,804.8,0,0
57,104.2,0,0
14,124.7,0,0
21,609.9,1,0
10,901.9,1,0
44,416.1,1,0
43,270.2,0,0
21,87.5,0,0
77,230.7,1,0
13,170.1,0,0
23,178.9,0,0
46,137.6,0,0
15,82.4,0,0
33,407.0,0,0
24,334.4,0,0
51,107.4,1,0
12,260.5,0,0
5,198.0,0,0
14,973.9,1,0
78,585.0,0,0
74,746.2,0,0
19,228.0,1,0
40,46.4,0,1
42,96.3,0,0
11,178.0,0,0
24,209.5,0,1
36,757.3,0,0
4,588.9,1,0
45,334.9,0,0
59,590.9,0,0
49,376.7,0,0
69,434.6,0,1
57,198.1,0,0
76,66.9,0,1
5,53.9,0,0
30,54.8,0,0
17,403.2,0,0
5,129.1,0,0
37,259.0,1,0
79,75.6,0,1
25,539.7,0,0
53,250.7,0,1
96,390.4,1,0
34,322.5,0,0
86,457.0,1,0
80,726.8,1,0
52,537.1,1,0
14,109.0,0,0
5,123.7,0,0
23,1651.8,1,0
29,640.1,1,0
34,1302.2,1,0
64,210.7,0,0
22,692.1,0,0
65,359.9,0,0
120,408.6,1,0
36,258.7,0,0
48,448.2,0,0
116,483.1,1,0
71,220.3,0,0
23,205.1,1,0
127,225.6,0,1
47,253.2,0,0
25,184.9,0,0
8,155.8,1,0
22,266.4,0,0
46,341.0,0,0
17,402.3,1,0
20,94.8,0,0
99,743.6,0,0
48,866.1,0,0
10,398.3,0,0
67,455.8,0,0
5,301.8,0,1
46,327.8,0,0
42,50.7,0,0
167,306.7,1,1
83,238.6,0,1
40,848.3,0,0
75,201.8,0,0
6,735.3,0,0
41,258.3,0,0
24,179.6,0,0
45,70.3,1,0
5,324.0,0,0
66,175.3,1,0
57,80.3,1,1
85,396.4,0,0
29,333.4,0,0
67,354.5,0,0
134,333.5,1,1
32,146.1,0,0
12,106.0,0,0
64,674.7,0,0
30,545.6,1,0
16,646.3,1,0
19,227.6,0,0
10,170.4,1,0
16,119.2,0,0
54,270.5,0,0
56,176.7,1,0
21,45.1,0,0
162,382.3,0,1
44,497.0,0,0
52,213.8,1,0
60,77.1,1,0
22,288.8,0,0
77,293.1,1,0
9,189.3,0,0
15,349.4,0,0
23,277.9,0,0
48,339.9,0,0
12,268.5,0,0
14,176.3,1,0
107,127.3,0,0
98,256.9,0,0
12,472.8,0,0
21,273.6,0,0
39,194.6,1,0
63,287.9,0,0
28,296.5,0,0
26,177.8,1,0
90,857.9,0,0
22,456.3,0,0
32,228.4,0,0
58,815.8,0,0
60,422.7,1,0
56,397.8,1,0
53,630.4,0,0
48,596.2,1,0
34,359.0,0,0
77,184.9,0,1
62,254.0,0,1
25,225.4,0,0
33,152.1,0,0
13,1042.5,0,0
28,599.7,1,0
15,218.8,0,0
79,333.8,0,1
184,227.3,0,1
14,132.6,0,0
36,44.4,0,0
31,354.4,0,0
4,338.4,1,0
23,549.8,0,0
130,165.8,0,1
46,550.4,0,0
36,593.0,0,0
15,499.9,0,0
71,577.8,1,0
27,241.5,0,0
22,543.8,0,0
67,485.4,0,0
36,280.9,0,0
18,62.3,0,0
70,273.8,1,0
45,504.6,0,0
71,417.6,1,0
37,179.8,0,0
194,347.6,1,1
8,280.3,0,0
180,167.3,1,1
25,175.2,0,0
9,1289.5,1,0
48,14.7,0,1
89,265.0,0,1
55,504.6,0,0
7,340.3,1,0
8,160.5,0,0
10,258.0,1,0
23,831.7,0,0
11,409.9,0,0
33,392.6,0,0
6,312.7,1,0
34,401.4,1,0
53,144.6,1,0
89,864.0,0,0
47,428.9,0,0
103,342.5,1,0
47,293.0,0,0
13,480.1,1,0
30,336.4321212121212,1,0
22,269.0,1,0
42,147.6,1,0
4,427.0,0,0
96,82.1,0,1
65,156.4,1,0
40,464.9,0,0
187,402.6,1,1
130,1002.9,1,0
60,205.1,0,0
41,302.6,1,0
33,665.3,0,0
31,554.4,0,1
21,471.7,0,0
22,336.4321212121212,0,0
38,152.4,0,1
85,247.7,0,0
38,315.9,1,1
11,187.9,1,0
31,198.1,0,0
17,253.0,0,0
113,336.4321212121212,1,0
4,634.3,0,0
41,416.6,0,0
15,70.3,0,1
33,581.8,0,0
40,418.0,0,0
74,629.0,1,0
28,336.4321212121212,0,0
39,681.9,0,0
97,226.5,0,1
97,143.0,0,0
157,576.1,1,0
18,325.3,1,0
159,532.1,1,0
31,197.2,0,0
111,134.4,1,1
72,251.2,1,0
27,109.1,1,0
138,419.0,0,1
103,19.9,0,1
13,557.5,0,0
29,117.5,1,0
65,511.3,0,0
10,384.0,0,0
37,46.2,1,0
85,391.3,1,0
37,102.9,1,0
47,302.1,0,0
80,200.8,1,0
55,36.3,0,1
37,370.4,0,1
110,243.3,0,1
44,262.1,0,0
40,44.3,0,1
108,50.9,1,1
57,208.4,0,1
16,651.9,1,0
17,424.3,0,0
22,362.2,0,0
83,610.4,0,0
77,161.5,0,0
47,377.8,0,0
18,57.6,0,0
30,1032.1,0,0
101,138.5,0,0
36,357.4,0,0
35,989.8,1,0
24,191.9,0,0
85,456.7,1,0
21,385.8,1,0
70,239.6,1,0
27,199.6,1,0
60,88.3,0,0
50,296.5,1,0
39,184.3,1,0
31,133.8,0,0
54,396.1,0,0
50,281.9,0,0
25,681.9,1,0
92,237.5,1,1
78,95.3,0,1
18,400.6,0,0
20,415.2,0,0
6,319.0,0,0
73,169.9,1,0
32,265.0,0,0
41,91.3,0,0
19,140.0,0,0
41,744.6,1,0
52,169.8,0,0
12,628.6,1,0
51,332.9,0,0
49,750.3,0,0
105,323.7,0,1
53,336.4321212121212,0,0
18,58.2,0,0
19,186.6,1,0
48,270.1,1,0
31,1232.6,1,0
69,152.8,0,0
11,126.3,1,0
75,70.0,0,0
47,56.3,0,0
107,970.2,0,0
38,291.8,0,0
18,141.9,1,0
17,622.0,0,0
53,816.6,0,0
14,113.8,0,0
158,177.1,0,1
37,557.1,0,0
115,419.2,0,0
8,290.5,1,0
2,737.8,1,0
22,55.9,0,1
56,93.2,0,0
45,136.6,0,0
25,159.5,1,0
55,25.2,0,1
34,186.3,0,0
14,378.3,0,0
126,460.9,0,0
2,436.0,0,0
50,691.7,1,0
43,347.8,0,0
44,160.8,0,0
86,55.0,1,1
16,53.4,1,0
15,277.4,0,0
86,115.4,0,1
64,266.9,0,0
110,109.6,1,1
35,605.1,0,0
34,249.5,1,0
80,266.1,1,0
100,220.0,0,1
14,559.4,0,0
153,95.1,0,1
29,224.4,0,1
50,260.7,0,0
64,163.5,1,0
88,500.5,1,0
71,516.7,0,0
45,54.0,1,0
71,414.1,0,0
31,32.6,0,0
26,126.1,0,0
44,158.4,0,1
96,211.1,1,1
63,752.9,1,0
29,171.6,0,0
40,171.5,0,0
83,73.2,0,1
52,312.2,0,0
47,274.2,1,0
48,463.6,1,0
15,71.9,0,1
7,761.7,0,0
90,434.9,0,0
43,258.1,0,1
49,496.7,0,0
30,775.0,0,0
112,412.3,1,0
28,281.1,1,0
34,168.4,0,0
88,195.5,0,0
29,285.3,0,0
49,208.3,0,0
12,530.6,1,0
20,644.5,0,0
10,86.4,0,0
45,86.0,0,0
47,225.4,1,0
49,42.0,0,1
35,726.1,0,0
36,533.6,0,0
24,278.7,1,0
31,299.4,1,0
13,323.2,0,0
55,166.1,1,0
74,246.6,1,0
37,176.7,1,0
36,261.5,0,0
45,266.9,0,0
109,225.2,0,0
40,649.2,1,0
42,227.6,0,0
191,310.4,1,1
35,60.1,0,0
54,519.1,1,0
52,365.6,1,0
32,429.9,0,0
57,153.1,1,0
11,92.1,0,1
36,267.8,1,0
19,34.2,0,0
58,753.6,0,0
9,260.8,1,0
67,15.4,0,1
2,212.5,1,0
55,217.9,0,1
16,648.0,0,0
25,259.2,0,0
35,65.1,0,0
115,326.3,0,1
16,256.2,0,0
41,211.5,0,0
94,185.2,0,1
42,619.0,1,0
61,325.5,1,0
85,238.4,0,0
25,720.3,1,0
27,438.9,0,0
16,425.5,1,0
95,180.7,1,0
127,253.9,1,1
12,232.0,0,0
51,95.5,1,0
25,165.9,0,0
26,334.6,1,0
64,378.7,0,0
43,367.4,0,0
59,62.0,1,0
124,241.6,1,1
53,124.9,0,0
65,49.3,1,0
83,223.3,0,1
23,164.2,0,0
70,250.8,0,0
26,369.9,0,0
13,325.0,0,0
56,824.8,0,0
15,280.5,0,0
44,631.3,0,0
36,96.4,0,1
104,417.8,1,0
15,178.7,1,0
53,203.6,0,0
21,336.4321212121212,0,0
9,202.1,0,0
5,505.5,0,0
15,183.6,1,0
15,93.1,0,0
5,293.6,0,0
76,303.5,0,0
90,192.0,0,1
22,506.7,1,0
29,40.3,1,1
34,107.0,0,0
83,339.4,0,0
84,271.2,1,1
52,190.7,1,0
51,277.1,0,0
27,479.6,0,0
5,322.6,0,0
33,426.7,0,0
94,334.7,0,1
24,566.0,0,0
31,165.4,0,1
72,501.1,0,0
30,67.1,1,0
34,84.3,0,0
73,383.7,0,0
5,79.6,0,0
14,192.2,0,0
135,728.3,1,0
72,95.0,0,1
79,453.2,0,1
51,239.9,1,0
56,87.4,0,1
25,323.3,1,0
33,535.2,0,0
81,77.1,0,1
28,72.9,0,0
24,375.0,0,1
41,206.2,1,0
52,1080.8,1,0
98,303.7,0,0
218,478.2,0,1
18,384.9,1,0
67,102.7,1,0
44,114.7,0,0
7,129.1,0,0
113,349.1,0,0
30,314.6,1,0
29,40.9,0,0
113,397.4,0,0
40,1215.1,1,0
92,93.6,0,1
34,107.1,0,0
60,142.4,0,0
38,220.6,0,0
21,100.5,0,0
61,555.4,0,0
72,698.8,0,0
42,266.8,0,0
5,301.7,1,0
15,60.9,1,0
27,85.6,0,0
107,25.3,0,1
40,148.3,0,0
106,171.9,0,0
84,371.5,0,0
29,349.6,1,0
48,122.5,0,0
73,385.8,0,0
22,1035.3,0,0
69,519.8,1,0
63,160.2,0,1
21,290.8,0,0
59,97.9,0,1
38,114.9,1,0
12,954.8,1,0
27,294.3,0,0
26,489.3,0,0
120,196.5,0,1
15,87.8,0,0
24,94.3,1,0
55,145.8,1,0
43,420.6,1,0
36,75.8,1,0
35,249.9,0,0
80,354.7,0,0
21,110.2,1,0
16,1031.5,0,0
5,583.7,1,0
28,219.8,0,0
12,129.7,0,0
32,392.8,1,0
7,295.0,0,0
32,330.4,1,0
52,403.5,1,0
40,134.0,1,0
65,518.0,1,0
90,67.6,0,1
51,36.7,1,0
41,367.9,0,0
57,317.4,0,0
52,237.6,0,0
73,142.4,0,0
43,165.0,0,0
14,99.9,0,0
87,291.3,0,0
8,29.1,1,0
69,38.4,0,1
56,135.6,1,1
57,345.5,1,0
44,290.2,1,0
23,583.6,0,0
38,250.7,1,0
95,421.2,0,0
58,332.5,1,0
58,27.4,0,0
97,114.2,1,1
105,129.8,1,0
71,122.9,0,0
145,177.1,0,1
58,647.0,1,0
71,204.4,0,0
82,177.8,1,1
101,441.0,0,1
19,438.7,0,0
13,21.7,1,0
14,288.1,1,0
28,704.4,1,0
84,195.2,0,0
34,119.4,1,0
38,418.5,0,0
13,79.7,0,0
14,336.2,1,0
28,193.5,0,1
22,336.4321212121212,0,0
72,480.7,0,0
12,401.0,1,0
15,598.6,0,0
52,288.9,1,0
35,98.4,0,0
33,51.3,0,0
84,578.2,1,0
33,89.7,0,1
43,1027.8,0,0
28,755.1,0,0
38,239.4,0,0
74,237.0,1,0
31,122.0,0,0
48,176.2,1,0
31,907.0,0,0
5,159.9,0,1
23,422.1,1,0
27,342.6,0,0
43,462.5,0,0
64,305.2,0,1
36,224.1,0,0
30,111.7,0,0
51,336.2,0,0
41,286.6,0,0
12,157.4,0,0
107,315.7,0,1
32,209.6,0,0
41,286.6,0,1
10,499.5,1,0
87,333.4,1,1
29,410.2,0,0
114,328.9,1,0
40,462.2,0,0
61,175.2,0,0
31,92.5,0,0
13,336.4321212121212,0,0
55,686.7,0,0
55,430.6,0,0
4,681.3,0,0
12,203.1,1,0
86,223.3,0,1
29,97.4,0,0
67,94.5,1,0
151,618.7,0,1
57,577.3,0,0
40,467.8,1,0
23,205.6,1,0
51,509.1,1,0
55,708.2,1,0
43,960.2,1,0
68,73.9,1,1
15,178.0,0,1
44,164.0,0,0
40,200.6,0,0
26,341.2,0,0
54,38.7,1,0
13,155.0,0,0
21,168.2,0,0
31,251.1,0,0
35,358.6,1,0
56,197.9,0,0
60,1094.9,1,0
21,212.7,0,0
114,338.9,0,1
54,382.9,0,0
136,107.7,0,1
100,147.1,1,1
26,504.1,1,0
13,582.1,0,0
10,735.5,0,0
4,110.6,0,0
48,623.1,1,0
24,307.4,1,0
63,576.2,0,0
25,312.4,0,0
20,470.5,1,0
60,646.3,0,0
159,691.2,0,0
98,266.1,0,0
61,49.8,0,1
91,170.4,1,1
56,1200.9,1,0
4,375.1,0,0
69,111.1,0,1
60,148.9,0,1
79,516.9,0,0
24,828.5,0,0
88,247.7,0,0
14,577.2,0,0
46,474.1,0,0
41,315.3,0,0
2,410.0,0,0
27,305.4,0,0
59,591.1,0,0
27,554.3,1,0
107,57.0,0,1
49,210.9,0,0
33,142.8,1,0
88,351.2,1,0
29,201.6,0,0
16,189.0,1,0
62,80.5,0,0
13,26.1,0,0
28,584.4,0,0
42,758.9,1,0
33,100.3,1,0
242,311.2,0,1
57,42.3,0,1
38,124.0,0,0
25,190.8,0,0
53,136.9,0,0
91,486.4,1,0
9,13.0,1,0
52,156.2,1,0
36,587.7,1,0
72,38.1,0,1
43,172.7,1,0
58,495.2,0,0
142,889.0,0,1
73,584.3,0,0
33,186.5,0,0
18,884.7,0,0
36,461.5,0,0
18,103.0,1,0
46,44.9,0,0
46,434.8,0,0
11,281.1,1,0
45,76.2,0,1
115,207.4,0,1
44,521.7,0,0
30,138.4,0,0
69,134.9,0,0
37,205.3,0,0
39,228.7,0,0
88,175.5,0,0
19,378.0,0,0
78,408.6,0,0
10,222.9,0,0
153,169.9,1,1
20,155.3,0,0
44,623.0,0,0
103,1137.9,1,0
10,63.5,0,0
27,83.0,0,0
74,152.4,0,1
7,823.5,1,0
59,227.7,1,1
53,376.7,0,0
6,269.5,1,0
5,155.6,0,0
4,197.0,0,0
51,76.7,0,0
22,410.4,0,0
9,167.5,1,0
82,142.2,0,1
108,114.1,0,1
104,905.8,1,0
44,164.3,0,0
5,285.0,0,0
9,23.2,0,0
14,11.5,1,0
23,102.6,1,0
102,495.0,0,1
54,352.3,1,1
43,745.7,0,0
46,713.3,1,0
79,116.7,0,0
75,207.9,0,1
42,793.5,1,0
90,191.4,0,0
28,399.5,0,0
72,64.8,0,1
88,404.4,1,0
78,235.8,0,0
17,118.0,0,0
35,214.1,0,0
6,336.4321212121212,0,0
12,482.2,0,0
33,919.7,1,0
44,569.1,1,0
54,570.2,0,0
12,103.0,0,0
37,87.0,0,0
81,364.3,0,0
50,90.8,0,0
61,197.9,0,0
44,431.1,0,0
22,826.4,1,0
16,317.3,0,0
35,94.4,0,0
67,244.6,0,0
19,347.8,1,0
27,170.9,1,0
42,49.2,0,0
122,569.5,1,0
52,202.5,0,0
51,395.3,0,0
31,294.5,0,0
125,336.4321212121212,0,1
45,180.3,0,0
83,230.1,0,1
16,362.3,0,0
38,15.6,0,0
222,355.2,0,1
46,435.6,1,0
30,435.2,0,0
85,658.9,0,1
32,134.7,0,0
34,58.8,0,0
7,366.3,1,0
4,264.7,0,0
56,184.1,0,1
28,445.7,1,0
64,143.6,0,1
53,204.3,0,0
44,354.4,0,0
34,243.3,1,0
20,265.3,0,0
18,188.2,0,0
10,96.3,0,0
41,430.9,0,1
122,404.2,0,0
161,395.2,0,1
19,217.6,0,0
77,591.0,1,0
101,609.3,1,0
24,605.3,0,0
69,287.1,1,0
91,278.5,0,1
10,95.7,0,0
58,658.0,0,0
16,249.0,1,0
60,94.4,1,1
42,617.2,0,0
8,278.6,1,0
23,833.1,0,0
20,327.4,1,0
88,169.9,1,0
39,442.1,0,0
19,265.2,1,0
65,384.9,0,0
33,137.5,0,0
48,355.1,0,0
36,178.4,0,0
157,548.7,1,1
48,298.6,1,1
70,278.1,0,0
88,261.2,1,1
39,308.5,1,0
103,416.7,0,1
77,122.1,1,0
5,303.8,0,0
22,1457.3,1,0
40,558.8,0,0
43,217.6,0,0
25,266.6,0,0
57,168.7,0,0
32,336.4321212121212,0,0
40,74.0,0,0
31,178.2,0,1
35,169.9,1,0
17,174.0,0,0
53,292.6,0,1
62,18.9,0,0
12,194.2,0,0
25,210.4,1,1
43,627.9,1,0
119,110.1,0,1
17,296.1,0,0
32,283.5,1,0
28,507.5,0,0
51,598.6,1,0
17,733.5,0,0
24,676.0,1,0
154,312.0,0,1
5,438.7,0,0
39,263.0,1,1
41,270.7,0,0
29,279.8,0,0
87,115.5,0,0
48,495.2,0,0
126,627.3,0,0
7,220.6,0,0
57,234.0,0,0
50,143.7,0,0
60,110.5,1,0
82,405.6,0,1
105,90.7,0,1
142,111.7,1,1
13,387.8,0,0
57,282.8,0,0
91,407.2,0,0
38,128.9,0,0
18,796.6,0,0
18,112.2,0,0
23,161.8,0,0
54,133.7,0,1
24,781.3,0,0
42,180.4,0,0
10,104.0,0,0
10,1395.9,1,0
65,698.5,0,0
2,565.8,0,0
109,672.0,0,0
54,107.9,0,0
12,734.3,0,0
52,208.9,0,1
28,417.6,1,0
18,243.4,0,0
94,810.5,1,0
61,16.3,0,1
25,93.9,0,0
21,671.2,0,0
131,145.7,0,1
55,607.9,0,0
43,139.5,0,1
21,202.6,0,0
20,1090.4,1,0
155,566.8,1,1
67,286.7,0,1
40,365.1,0,0
11,521.5,0,0
27,274.3,0,0
55,386.8,0,0
91,1088.1,0,0
45,100.4,0,0
90,284.5,0,0
46,218.5,1,0
84,153.0,1,0
34,366.7,1,0
85,119.9,0,1
28,104.5,0,0
70,230.8,0,1
49,378.7,0,1
3,357.5,0,0
22,304.9,1,0
193,73.5,0,1
61,69.3,0,0
27,328.9,0,0
11,149.3,0,1
44,296.7,0,1
60,268.3,0,1
27,37.8,0,0
51,679.7,0,0
94,88.9,1,0
19,207.3,0,0
26,107.2,1,0
8,146.3,0,0
97,161.5,0,0
30,174.8,0,0
123,212.0,0,1
3,779.0,0,0
53,147.6,1,0
64,504.7,1,0
61,562.9,0,0
77,359.8,0,0
49,836.0,1,0
47,362.3,0,0
9,354.6,0,0
38,574.0,0,0
48,414.8,1,0
23,734.4,1,0
20,318.3,0,0
60,725.4,1,0
71,948.8,1,0
21,186.8,0,0
34,165.1,0,0
54,642.1,0,0
23,715.7,1,0
41,44.9,0,0
50,389.4,1,0
138,834.4,0,0
35,121.6,1,0
7,81.4,0,0
10,142.2,0,0
23,230.0,1,0
31,70.3,1,0
90,123.0,1,1
36,49.0,0,1
61,380.0,1,0
106,287.8,0,0
69,646.0,0,0
32,310.2,0,0
38,383.2,0,0
41,412.6,0,0
111,142.2,1,1
85,97.5,0,0
82,109.5,1,1
58,176.4,0,0
49,164.5,0,0
37,264.1,0,1
14,566.1,1,0
68,497.5,1,0
26,212.2,1,0
76,181.7,1,0
5,155.2,0,0
16,172.8,0,0
83,83.3,1,0
111,313.4,0,1
75,837.5,0,0
19,253.4,0,0
88,262.3,0,0
20,347.4,0,0
88,92.3,0,1
15,143.6,0,0
29,156.8,0,0
2,88.3,0,1
16,724.4,0,0
68,554.7,1,0
146,448.5,0,1
92,190.1,0,0
73,361.8,1,0
10,177.1,0,0
30,209.9,0,0
125,342.5,1,1
43,220.0,0,0
13,339.2,1,0
30,73.0,1,0
4,94.0,0,0
79,176.5,0,1
11,202.4,0,0
42,202.3,0,0
13,374.4,0,0
48,300.8,0,0
76,334.9,0,1
27,154.7,0,0
103,108.4,0,1
70,216.0,0,1
62,405.6,0,0
101,915.1,1,0
48,158.7,0,0
31,336.4321212121212,0,0
56,127.5,1,0
14,61.3,0,0
81,197.5,0,0
81,108.8,0,1
35,138.6,0,0
25,477.2,0,0
50,446.1,0,0
12,301.4,0,0
31,369.3,1,0
97,136.6,0,1
17,218.2,0,0
106,247.7,1,0
58,76.0,0,0
64,1023.6,1,0
25,194.7,0,0
19,131.5,1,0
33,68.7,0,0
128,455.2,1,0
24,966.0,1,0
3,904.8,0,0
46,229.4,0,0
93,336.4321212121212,0,1
50,266.2,0,0
134,261.7,0,1
67,37.5,0,0
50,176.1,0,0
33,315.3,0,0
61,363.0,0,0
9,382.3,0,0
128,259.0,0,1
76,97.0,0,1
76,224.8,0,1
40,579.9,0,0
104,332.3,0,0
36,201.3,0,0
27,959.5,0,0
44,350.0,1,0
78,222.1,0,1
23,405.9,0,0
20,114.8,1,0
19,252.9,1,0
29,336.4321212121212,1,0
83,52.3,0,1
48,288.2,0,0
14,470.2,1,0
177,162.4,0,1
12,420.3,0,0
29,678.7,1,0
18,737.0,1,0
24,130.0,1,0
44,364.1,1,0
35,506.6,1,0
21,279.4,0,0
53,646.3,1,0
59,336.4321212121212,0,0
67,97.1,0,1
45,654.3,1,0
57,272.9,0,0
66,718.5,0,0
24,97.7,0,0
150,359.7,1,1
125,683.1,0,1
77,392.0,1,0
31,437.7,0,0
5,695.6,1,0
7,343.9,1,0
33,126.8,0,0
126,476.9,0,0
36,228.6,0,0
18,45.4,1,0
19,600.0,0,0
124,336.4321212121212,1,0
34,156.1,0,0
119,332.5,1,0
17,1069.4,1,0
20,900.0,1,0
28,507.7,1,0
60,648.8,0,0
71,217.1,0,0
22,96.4,1,0
25,732.0,1,0
10,249.5,0,0
10,57.1,0,0
18,160.9,0,0
111,210.2,0,0
18,230.3,0,0
45,139.8,0,0
31,137.2,1,0
17,49.7,0,1
65,47.7,0,0
26,245.4,0,0
80,308.5,0,0
82,134.1,1,0
26,830.6,1,0
72,182.5,0,0
72,300.2,1,1
33,286.1,1,0
29,52.0,1,0
53,500.6,0,0
143,499.9,1,0
92,653.0,0,0
44,624.6,0,0
5,351.0,0,0
40,403.8,0,0
5,96.7,0,0
9,183.5,0,0
21,218.9,0,0
45,212.7,1,0
23,799.0,1,0
99,286.3,0,0
41,168.0,1,0
24,764.4,1,0
68,381.4,1,0
22,486.3,0,0
46,123.4,1,0
2,403.5,1,0
21,161.2,1,0
94,298.2,0,0
58,385.4,0,0
50,86.4,0,0
65,242.8,0,0
95,94.3,0,1
40,504.2,0,0
26,340.5,1,1
72,167.5,1,1
35,159.0,0,1
26,232.7,1,0
32,646.5,0,0
58,307.2,1,0
6,580.5,1,0
59,318.6,1,0
15,126.0,1,0
23,157.7,0,0
12,417.2,1,0
67,40.5,0,1
50,469.4,1,0
15,182.8,1,0
75,369.8,1,1
9,163.2,0,0
30,534.4,1,0
11,258.6,0,0
36,400.5,0,0
26,64.9,1,0
13,216.2,0,0
41,179.8,1,0
16,353.8,0,0
4,500.1,0,0
8,634.2,1,0
30,669.8,0,0
33,508.5,0,0
20,279.0,1,0
107,111.9,0,0
52,53.9,0,0
56,107.6,0,1
18,58.3,1,0
16,99.7,1,0
47,394.3,1,0
33,49.8,0,0
51,432.2,1,0
32,205.9,1,0
69,347.3,1,0
41,272.4,0,0
36,873.2,1,0
59,363.8,1,0
117,80.2,0,1
66,117.4,0,0
13,353.4,1,0
35,206.9,0,0
36,365.8,1,0
52,437.9,1,0
29,121.5,0,0
40,344.1,0,1
43,372.4,0,0
50,370.2,1,0
12,808.3,0,0
14,72.5,1,0
141,743.1,0,0
5,192.1,0,0
43,137.1,0,0
66,353.2,0,0
17,206.7,1,0
92,477.8,0,0
42,187.7,0,1
120,523.3,0,1
18,103.1,0,0
35,317.0,0,0
27,167.1,1,0
24,325.7,0,0
25,68.0,0,0
31,73.8,0,0
29,242.2,1,0
71,539.4,0,0
67,58.2,0,1
9,789.2,1,0
25,326.1,0,0
53,511.2,0,0
50,258.7,0,1
34,372.9,1,0
40,211.2,0,0
30,251.3,1,0
76,418.9,0,0
70,103.4,0,1
32,254.5,0,0
39,57.0,0,1
32,100.8,1,0
36,235.8,0,0
84,149.1,0,0
29,215.6,0,0
24,154.4,1,0
39,387.2,0,0
32,107.6,1,0
21,758.5,0,0
64,587.9,0,0
69,354.4,0,1
45,71.6,0,1
23,215.9,0,0
76,369.5,0,1
14,640.2,1,0
34,637.7,1,0
138,553.0,1,0
45,29.7,0,1
31,107.3,0,0
56,433.6,0,0
55,204.7,1,0
90,406.6,1,0
20,791.9,0,0
57,151.3,0,0
39,516.0,0,0
42,325.2,0,0
38,1030.1,0,0
37,325.9,0,0
9,207.1,1,0
28,255.3,0,0
38,101.7,0,0
52,537.8,1,0
43,183.3,0,0
41,255.0,0,0
60,544.3,0,0
101,91.9,0,1
34,493.6,0,0
20,83.3,1,0
76,231.3,0,0
56,355.8,0,0
32,563.7,1,0
77,99.4,0,0
19,1039.7,1,0
34,467.7,1,0
31,437.6,0,0
80,469.9,1,0
49,103.4,0,1
14,181.7,1,0
168,592.3,0,1
59,786.9,1,0
23,48.7,1,0
96,410.4,0,0
40,228.1,0,0
36,447.0,1,0
37,376.7,1,0
40,286.4,0,0
39,161.1,1,0
36,501.9,0,0
26,158.3,0,0
22,224.3,0,0
45,126.6,0,0
22,331.4,1,0
50,83.9,0,0
93,214.5,1,0
39,500.1,0,0
46,97.3,0,0
80,407.4,0,0
34,76.8,0,0
25,149.9,0,0
2,151.9,0,0
43,469.0,0,0
25,609.2,0,0
32,195.4,0,0
5,83.4,0,0
32,222.6,1,1
15,237.6,1,0
12,166.6,0,0
17,228.2,0,0
15,126.6,0,0
71,114.2,1,1
83,42.7,0,1
44,454.8,0,0
118,288.0,0,0
31,381.7,0,0
19,346.6,0,0
38,336.4321212121212,1,0
17,227.8,0,0
41,787.9,0,0
62,168.4,0,1
17,259.4,0,0
103,235.1,1,0
144,109.3,0,1
127,1318.3,1,0
6,369.6,0,0
26,147.6,0,0
48,158.9,1,0
11,406.7,0,0
12,684.6,0,0
6,96.1,0,0
41,286.8,1,0
51,258.5,0,0
80,259.9,0,0
56,388.6,1,0
63,264.9,1,0
8,304.3,1,0
47,317.5,1,0
37,118.2,1,0
23,775.7,0,0
29,423.7,0,0
51,507.3,0,0
66,307.8,0,0
132,1034.3,0,1
53,13.2,0,0
71,266.1,0,0
69,154.4,1,0
83,282.1,0,0
15,673.8,0,0
41,400.3,0,0
18,319.8,1,0
19,937.0,1,0
54,475.0,0,0
55,371.2,0,0
53,364.1,0,0
25,455.8,0,0
42,158.2,0,1
32,141.8,0,0
53,108.5,0,0
82,164.1,0,1
17,898.3,1,0
39,286.9,1,0
71,700.7,0,0
9,154.3,0,0
75,541.0,0,0
4,611.1,0,0
15,371.8,1,0
38,218.0,0,0
31,172.8,1,0
28,497.2,0,0
125,275.3,1,1
13,191.3,0,0
56,433.1,1,0
128,401.3,0,0
72,127.0,0,1
51,332.2,0,0
47,613.0,0,0
28,138.8,0,0
26,655.9,1,0
11,652.1,1,0
78,531.4,0,0
12,537.4,1,0
37,398.3,0,0
30,493.0,0,0
45,331.8,0,0
61,180.2,0,1
27,176.9,0,0
15,239.6,0,0
22,433.2,0,0
18,318.6,1,0
130,215.8,0,1
94,528.2,0,0
10,292.4,0,0
31,78.9,0,0
17,108.6,0,0
22,96.9,0,0
25,249.8,0,0
19,146.2,1,0
74,217.8,0,1
50,218.8,1,0
47,65.1,0,0
101,106.4,0,1
70,934.4,1,0
40,196.4,0,1
48,186.3,0,0
78,232.7,1,0
75,306.2,0,0
3,332.4,1,0
54,826.5,0,0
42,716.0,1,0
63,809.3,0,0
6,428.0,0,0
83,391.9,0,0
66,102.6,0,1
29,77.6,0,0
118,68.5,0,1
15,226.2,0,0
46,479.5,0,0
25,152.0,0,0
20,160.8,1,0
37,453.0,0,0
7,124.8,0,0
66,691.9,0,0
179,110.3,0,1
14,621.5,1,0
100,311.5,0,1
80,31.1,1,0
9,134.3,0,0
13,646.0,1,0
45,67.0,0,0
63,244.2,1,0
85,70.0,0,1
38,227.1,0,0
41,336.0,0,0
11,277.5,0,0
100,383.5,1,0
81,276.4,0,1
57,210.8,0,0
39,574.7,1,0
99,65.0,0,1
14,866.8,1,0
48,371.3,1,0
133,73.9,0,1
14,790.4,1,0
154,216.3,0,1
77,165.1,0,1
65,75.6,0,1
98,150.2,0,1
85,594.6,1,0
9,153.5,1,0
9,463.6,0,0
25,189.1,0,0
51,135.7,1,0
89,157.0,0,1
33,352.1,0,0
21,294.6,0,0
74,933.4,1,0
32,197.0,0,0
54,615.3,1,0
41,293.9,1,0
22,127.6,0,0
22,87.9,0,0
14,258.8,1,0
92,248.3,0,1
29,773.6,1,0
21,926.2,0,0
6,711.2,0,0
5,181.9,1,0
15,151.3,1,0
53,195.9,1,0
42,221.1,0,1
31,50.4,0,0
15,109.4,0,0
6,737.8,1,0
21,307.3,0,0
32,208.8,1,0
67,56.5,0,1
9,302.1,0,0
30,259.6,0,0
14,142.1,1,0
25,409.3,0,0
149,167.0,0,1
17,280.8,0,0
15,918.1,1,0
213,394.0,0,1
61,76.4,0,0
58,513.7,1,0
18,187.6,1,0
147,460.3,1,0
10,470.1,0,0
85,280.9,0,0
93,106.9,1,0
107,33.3,0,1
116,699.5,1,0
33,651.1,0,1
50,137.3,0,0
42,27.5,0,1
16,67.9,0,0
31,172.8,0,0
93,467.4,0,0
11,36.2,1,0
72,585.4,0,0
75,701.6,1,0
43,751.1,1,0
78,101.7,0,0
16,494.6,0,0
14,332.1,1,0
28,95.7,0,1
52,361.6,1,0
139,323.4,1,0
43,87.9,1,0
29,382.4,0,0
91,239.6,0,1
12,183.6,0,0
9,178.0,0,0
141,411.7,1,1
21,167.4,0,0
109,35.1,0,1
100,118.4,1,1
80,241.7,0,0
